X0,Y0,X1,Y1,X2,Y2
0,126.968,4298,149.5633,3026,102.2089
1,126.424,3299,149.0127,2703,102.2089
2,124.272,4197,148.4810,3719,103.2911
3,122.120,2408,148.4810,3382,103.2911
4,118.892,2109,148.4810,2600,103.2911
5,116.741,1219,148.4810,2344,103.2911
6,114.589,2618,147.9494,2253,103.2911
7,114.057,2264,147.9494,2090,103.2911
8,114.589,736,147.9494,3551,103.8228
9,117.278,3970,146.8671,2979,103.8228
10,122.120,2563,146.8671,2841,103.8228
11,127.500,2517,146.8671,2151,103.8228
12,131.804,2361,146.8671,3286,104.3734
13,134.494,2167,146.8671,2550,104.3734
14,136.646,1986,146.8671,2397,104.3734
15,138.797,1106,146.8671,1973,104.3734
16,140.411,1015,146.8671,1770,104.3734
17,141.494,928,146.8671,1628,104.3734
18,142.557,424,146.8671,4279,104.9051
19,142.557,280,146.8671,4184,104.9051
20,142.557,161,146.8671,3678,104.9051
21,142.025,120,146.8671,3593,104.9051
22,142.025,62,146.8671,3470,104.9051
23,142.025,4247,146.3354,3243,104.9051
24,142.025,2947,146.3354,3116,104.9051
25,142.025,1780,146.3354,2933,104.9051
26,141.494,1320,146.3354,2206,104.9051
27,140.943,692,146.3354,2037,104.9051
28,139.880,634,146.3354,4138,105.4367
29,139.329,3861,145.7848,4078,105.4367
30,138.797,2996,145.2532,3994,105.4367
31,138.797,1640,145.2532,3844,105.4367
32,138.266,1172,145.2532,3770,105.4367
33,137.715,323,145.2532,3515,105.4367
34,136.652,4044,144.1709,3432,105.4367
35,135.570,4007,144.1709,2798,105.4367
36,133.956,3482,144.1709,2759,105.4367
37,132.342,4356,143.6392,2660,105.4367
38,130.190,4093,143.6392,2502,105.4367
39,128.576,3735,143.6392,1578,105.4367
40,126.424,3691,143.6392,1400,105.4367
41,124.810,3529,143.6392,3200,105.9810
42,122.120,3399,143.6392,4333,105.9873
43,119.968,3178,143.6392,4035,105.9873
44,117.278,2724,143.6392,3882,105.9873
45,114.589,2218,143.6392,3076,105.9873
46,111.899,2057,143.6392,2458,105.9873
47,110.278,1937,143.6392,1202,105.9873
48,110.823,1888,143.6392,4235,106.5190
49,114.051,1415,143.6392,3955,106.5190
50,119.430,886,143.6392,3641,106.5190
51,125.886,836,143.6392,2893,106.5190
52,131.266,507,143.6392,1923,106.5190
53,135.032,375,143.6392,1831,106.5190
54,137.722,239,143.6392,621,106.5190
55,139.873,204,143.6392,4381,107.0506
56,141.494,1736,143.1076,3917,107.0506
57,142.557,1590,143.1076,3342,107.0506
58,143.639,4439,142.5570,2306,107.0506
59,144.722,4154,142.5570,1873,107.0506
60,145.785,1064,142.5570,1685,107.0506
61,146.335,593,142.5570,1493,107.0506
62,146.867,19,142.5570,1453,107.0506
63,146.867,4398,142.0253,1306,107.0506
64,146.335,3929,142.0253,1093,107.0506
65,145.785,3893,142.0253,910,107.0506
66,145.253,3652,142.0253,3808,107.6013
67,145.253,3608,142.0253,3163,107.6013
68,145.253,3353,142.0253,1723,107.6013
69,145.253,3256,142.0253,1538,107.6013
70,145.253,3216,142.0253,722,107.6013
71,145.253,3131,142.0253,1002,108.1329
72,144.722,3042,142.0253,819,108.1329
73,144.171,2856,142.0253,401,108.1329
74,143.639,1507,142.0253,4424,108.6646
75,143.639,1370,142.0253,1356,108.6646
76,143.639,1277,142.0253,1152,108.6646
77,143.639,975,142.0253,579,108.6646
78,143.639,791,142.0253,678,109.2152
79,143.108,553,142.0253,494,109.2152
80,142.557,467,142.0253,4472,109.7468
81,142.025,3786,141.4937,1263,109.7468
82,142.025,3562,141.4937,868,109.7468
83,142.025,2472,141.4937,538,109.7468
84,142.025,1843,141.4937,1050,110.2785
85,142.025,3819,140.9430,454,110.2785
86,141.494,2674,140.9430,308,110.2785
87,140.943,3089,140.4114,145,110.2785
88,139.880,2907,140.4114,47,110.2785
89,138.797,2813,140.4114,961,110.8291
90,136.646,2319,140.4114,775,110.8291
91,135.032,1551,140.4114,266,110.8291
92,132.880,1467,140.4114,227,110.8291
93,130.728,4490,139.8797,360,111.3608
94,128.576,2774,139.3291,102,111.8924
95,126.424,1698,139.3291,190,112.4430
96,124.810,3445,138.7975,7,114.0570
97,122.120,,,,
98,119.968,,,,
99,117.278,,,,
100,114.589,,,,
101,112.437,,,,
102,111.892,,,,
103,114.051,,,,
104,118.354,,,,
105,124.272,,,,
106,129.652,,,,
107,133.418,,,,
108,135.570,,,,
109,137.184,,,,
110,138.797,,,,
111,140.411,,,,
112,142.025,,,,
113,143.108,,,,
114,144.171,,,,
115,144.722,,,,
116,145.253,,,,
117,145.785,,,,
118,146.335,,,,
119,146.867,,,,
120,146.867,,,,
121,146.867,,,,
122,146.335,,,,
123,145.785,,,,
124,144.722,,,,
125,144.171,,,,
126,143.108,,,,
127,142.025,,,,
128,140.411,,,,
129,139.329,,,,
130,138.266,,,,
131,137.184,,,,
132,136.101,,,,
133,135.038,,,,
134,133.956,,,,
135,132.342,,,,
136,130.728,,,,
137,128.576,,,,
138,126.424,,,,
139,124.272,,,,
140,122.658,,,,
141,120.506,,,,
142,117.816,,,,
143,114.589,,,,
144,111.899,,,,
145,110.278,,,,
146,110.823,,,,
147,113.513,,,,
148,118.892,,,,
149,124.810,,,,
150,130.190,,,,
151,133.418,,,,
152,135.570,,,,
153,137.184,,,,
154,138.797,,,,
155,140.411,,,,
156,142.025,,,,
157,143.639,,,,
158,145.253,,,,
159,146.335,,,,
160,146.867,,,,
161,146.867,,,,
162,146.867,,,,
163,146.867,,,,
164,146.335,,,,
165,145.785,,,,
166,144.722,,,,
167,144.171,,,,
168,143.108,,,,
169,142.025,,,,
170,140.943,,,,
171,140.411,,,,
172,139.880,,,,
173,139.329,,,,
174,138.797,,,,
175,138.266,,,,
176,137.715,,,,
177,136.652,,,,
178,136.101,,,,
179,135.038,,,,
180,133.956,,,,
181,132.342,,,,
182,130.190,,,,
183,128.576,,,,
184,126.424,,,,
185,124.810,,,,
186,122.120,,,,
187,119.968,,,,
188,116.741,,,,
189,114.051,,,,
190,112.443,,,,
191,112.975,,,,
192,115.665,,,,
193,119.968,,,,
194,125.348,,,,
195,130.190,,,,
196,133.418,,,,
197,135.570,,,,
198,137.184,,,,
199,138.797,,,,
200,140.411,,,,
201,141.494,,,,
202,142.557,,,,
203,143.108,,,,
204,143.639,,,,
205,143.108,,,,
206,142.025,,,,
207,140.943,,,,
208,140.411,,,,
209,139.880,,,,
210,139.329,,,,
211,138.266,,,,
212,137.715,,,,
213,136.652,,,,
214,136.101,,,,
215,135.038,,,,
216,133.956,,,,
217,132.342,,,,
218,130.190,,,,
219,128.038,,,,
220,125.886,,,,
221,124.272,,,,
222,122.658,,,,
223,119.968,,,,
224,116.741,,,,
225,113.513,,,,
226,111.361,,,,
227,110.829,,,,
228,112.437,,,,
229,117.278,,,,
230,123.196,,,,
231,129.114,,,,
232,132.880,,,,
233,135.570,,,,
234,137.722,,,,
235,139.873,,,,
236,141.494,,,,
237,142.557,,,,
238,143.108,,,,
239,143.639,,,,
240,143.108,,,,
241,142.557,,,,
242,142.025,,,,
243,142.025,,,,
244,141.494,,,,
245,140.943,,,,
246,139.880,,,,
247,139.329,,,,
248,138.797,,,,
249,138.797,,,,
250,138.266,,,,
251,137.715,,,,
252,136.652,,,,
253,135.570,,,,
254,133.956,,,,
255,132.873,,,,
256,131.266,,,,
257,129.652,,,,
258,127.500,,,,
259,125.348,,,,
260,123.196,,,,
261,121.576,,,,
262,119.430,,,,
263,116.741,,,,
264,113.513,,,,
265,111.361,,,,
266,110.829,,,,
267,111.899,,,,
268,116.203,,,,
269,122.120,,,,
270,128.576,,,,
271,132.880,,,,
272,135.570,,,,
273,137.722,,,,
274,139.873,,,,
275,142.025,,,,
276,143.639,,,,
277,144.722,,,,
278,145.785,,,,
279,146.335,,,,
280,146.867,,,,
281,146.335,,,,
282,145.253,,,,
283,143.639,,,,
284,142.557,,,,
285,142.025,,,,
286,141.494,,,,
287,140.943,,,,
288,139.880,,,,
289,139.329,,,,
290,138.797,,,,
291,138.797,,,,
292,138.266,,,,
293,137.715,,,,
294,136.652,,,,
295,136.101,,,,
296,135.038,,,,
297,133.956,,,,
298,132.342,,,,
299,130.728,,,,
300,128.576,,,,
301,126.424,,,,
302,124.272,,,,
303,122.658,,,,
304,120.506,,,,
305,118.354,,,,
306,115.127,,,,
307,112.437,,,,
308,110.278,,,,
309,110.278,,,,
310,112.975,,,,
311,117.816,,,,
312,124.272,,,,
313,129.652,,,,
314,133.956,,,,
315,136.646,,,,
316,138.797,,,,
317,140.411,,,,
318,142.025,,,,
319,143.108,,,,
320,144.171,,,,
321,144.722,,,,
322,145.253,,,,
323,145.253,,,,
324,145.253,,,,
325,144.722,,,,
326,144.171,,,,
327,143.639,,,,
328,143.639,,,,
329,143.639,,,,
330,143.639,,,,
331,143.639,,,,
332,143.639,,,,
333,143.639,,,,
334,143.108,,,,
335,142.557,,,,
336,142.025,,,,
337,142.025,,,,
338,142.025,,,,
339,141.494,,,,
340,140.943,,,,
341,140.411,,,,
342,140.411,,,,
343,139.880,,,,
344,139.329,,,,
345,138.797,,,,
346,138.797,,,,
347,138.797,,,,
348,138.266,,,,
349,137.184,,,,
350,136.101,,,,
351,134.494,,,,
352,132.880,,,,
353,130.190,,,,
354,126.962,,,,
355,123.196,,,,
356,119.968,,,,
357,117.278,,,,
358,114.589,,,,
359,112.437,,,,
360,111.361,,,,
361,112.437,,,,
362,115.665,,,,
363,121.044,,,,
364,126.962,,,,
365,131.266,,,,
366,133.956,,,,
367,135.570,,,,
368,137.184,,,,
369,138.797,,,,
370,140.411,,,,
371,141.494,,,,
372,142.557,,,,
373,143.108,,,,
374,143.639,,,,
375,143.639,,,,
376,143.639,,,,
377,143.639,,,,
378,143.108,,,,
379,142.557,,,,
380,142.025,,,,
381,142.025,,,,
382,142.025,,,,
383,142.025,,,,
384,142.025,,,,
385,142.025,,,,
386,141.494,,,,
387,140.411,,,,
388,138.259,,,,
389,136.108,,,,
390,133.956,,,,
391,131.804,,,,
392,129.652,,,,
393,126.962,,,,
394,124.810,,,,
395,122.658,,,,
396,120.506,,,,
397,117.816,,,,
398,114.589,,,,
399,111.361,,,,
400,109.209,,,,
401,108.133,,,,
402,109.209,,,,
403,112.975,,,,
404,119.430,,,,
405,126.424,,,,
406,131.804,,,,
407,135.570,,,,
408,138.259,,,,
409,139.880,,,,
410,140.943,,,,
411,142.025,,,,
412,143.639,,,,
413,144.722,,,,
414,145.253,,,,
415,145.785,,,,
416,145.785,,,,
417,146.335,,,,
418,146.335,,,,
419,146.335,,,,
420,145.785,,,,
421,145.785,,,,
422,146.335,,,,
423,146.867,,,,
424,146.867,,,,
425,146.867,,,,
426,146.867,,,,
427,146.335,,,,
428,145.253,,,,
429,144.171,,,,
430,143.108,,,,
431,142.025,,,,
432,140.943,,,,
433,139.880,,,,
434,139.329,,,,
435,138.797,,,,
436,138.797,,,,
437,138.266,,,,
438,137.715,,,,
439,136.652,,,,
440,136.101,,,,
441,135.038,,,,
442,134.487,,,,
443,133.424,,,,
444,132.342,,,,
445,130.728,,,,
446,129.114,,,,
447,126.962,,,,
448,124.810,,,,
449,122.658,,,,
450,120.506,,,,
451,117.816,,,,
452,114.589,,,,
453,111.899,,,,
454,110.278,,,,
455,110.823,,,,
456,113.513,,,,
457,118.354,,,,
458,124.272,,,,
459,129.652,,,,
460,133.418,,,,
461,135.570,,,,
462,137.184,,,,
463,138.797,,,,
464,140.411,,,,
465,141.494,,,,
466,142.025,,,,
467,142.025,,,,
468,142.025,,,,
469,141.494,,,,
470,140.943,,,,
471,140.411,,,,
472,140.411,,,,
473,139.880,,,,
474,139.329,,,,
475,138.797,,,,
476,138.797,,,,
477,138.266,,,,
478,137.715,,,,
479,137.184,,,,
480,136.652,,,,
481,135.570,,,,
482,133.956,,,,
483,132.342,,,,
484,130.728,,,,
485,129.114,,,,
486,127.500,,,,
487,125.886,,,,
488,123.734,,,,
489,121.044,,,,
490,118.354,,,,
491,115.127,,,,
492,112.437,,,,
493,109.747,,,,
494,109.215,,,,
495,109.215,,,,
496,112.437,,,,
497,117.278,,,,
498,123.734,,,,
499,129.114,,,,
500,132.880,,,,
501,136.108,,,,
502,138.259,,,,
503,140.411,,,,
504,142.025,,,,
505,143.108,,,,
506,143.639,,,,
507,143.639,,,,
508,143.639,,,,
509,143.108,,,,
510,142.557,,,,
511,142.025,,,,
512,141.494,,,,
513,140.943,,,,
514,140.411,,,,
515,139.880,,,,
516,139.329,,,,
517,138.797,,,,
518,138.797,,,,
519,138.266,,,,
520,137.715,,,,
521,137.184,,,,
522,136.652,,,,
523,136.101,,,,
524,135.038,,,,
525,134.487,,,,
526,133.424,,,,
527,131.804,,,,
528,129.652,,,,
529,127.500,,,,
530,126.418,,,,
531,124.810,,,,
532,123.196,,,,
533,120.506,,,,
534,118.354,,,,
535,115.665,,,,
536,112.975,,,,
537,110.823,,,,
538,109.747,,,,
539,110.823,,,,
540,114.589,,,,
541,120.506,,,,
542,126.962,,,,
543,131.266,,,,
544,133.956,,,,
545,135.570,,,,
546,137.184,,,,
547,138.266,,,,
548,139.329,,,,
549,139.880,,,,
550,140.943,,,,
551,141.494,,,,
552,142.025,,,,
553,142.025,,,,
554,142.025,,,,
555,141.494,,,,
556,140.943,,,,
557,140.411,,,,
558,140.411,,,,
559,140.411,,,,
560,139.880,,,,
561,139.329,,,,
562,138.797,,,,
563,138.266,,,,
564,137.715,,,,
565,136.652,,,,
566,136.101,,,,
567,135.038,,,,
568,134.487,,,,
569,133.424,,,,
570,132.342,,,,
571,131.259,,,,
572,129.652,,,,
573,128.038,,,,
574,125.348,,,,
575,122.120,,,,
576,117.816,,,,
577,113.513,,,,
578,110.285,,,,
579,108.665,,,,
580,109.209,,,,
581,112.975,,,,
582,118.892,,,,
583,125.348,,,,
584,130.190,,,,
585,133.418,,,,
586,135.570,,,,
587,137.184,,,,
588,138.797,,,,
589,139.880,,,,
590,140.943,,,,
591,141.494,,,,
592,142.557,,,,
593,142.557,,,,
594,142.557,,,,
595,142.025,,,,
596,142.025,,,,
597,141.494,,,,
598,140.943,,,,
599,140.411,,,,
600,139.880,,,,
601,139.329,,,,
602,138.266,,,,
603,137.715,,,,
604,137.184,,,,
605,136.652,,,,
606,136.101,,,,
607,135.038,,,,
608,133.956,,,,
609,132.342,,,,
610,131.259,,,,
611,129.652,,,,
612,128.576,,,,
613,127.500,,,,
614,126.424,,,,
615,124.810,,,,
616,121.582,,,,
617,118.354,,,,
618,114.051,,,,
619,110.285,,,,
620,107.595,,,,
621,106.519,,,,
622,107.595,,,,
623,111.361,,,,
624,117.816,,,,
625,125.348,,,,
626,131.804,,,,
627,136.108,,,,
628,139.335,,,,
629,141.487,,,,
630,143.108,,,,
631,144.171,,,,
632,144.722,,,,
633,145.785,,,,
634,146.335,,,,
635,146.335,,,,
636,145.785,,,,
637,145.253,,,,
638,145.253,,,,
639,145.253,,,,
640,145.253,,,,
641,145.253,,,,
642,144.722,,,,
643,144.722,,,,
644,144.722,,,,
645,144.722,,,,
646,144.722,,,,
647,144.171,,,,
648,144.171,,,,
649,144.171,,,,
650,144.171,,,,
651,144.171,,,,
652,143.639,,,,
653,144.171,,,,
654,144.171,,,,
655,144.171,,,,
656,143.639,,,,
657,143.639,,,,
658,143.108,,,,
659,142.557,,,,
660,141.494,,,,
661,140.943,,,,
662,139.335,,,,
663,138.259,,,,
664,136.652,,,,
665,135.570,,,,
666,134.487,,,,
667,133.424,,,,
668,131.804,,,,
669,130.190,,,,
670,128.038,,,,
671,126.962,,,,
672,124.810,,,,
673,123.196,,,,
674,120.506,,,,
675,117.816,,,,
676,114.051,,,,
677,111.361,,,,
678,109.215,,,,
679,109.215,,,,
680,110.285,,,,
681,114.589,,,,
682,120.506,,,,
683,126.962,,,,
684,131.266,,,,
685,134.494,,,,
686,136.646,,,,
687,138.797,,,,
688,140.411,,,,
689,142.025,,,,
690,143.639,,,,
691,145.253,,,,
692,146.335,,,,
693,146.335,,,,
694,145.785,,,,
695,144.177,,,,
696,143.101,,,,
697,141.494,,,,
698,140.943,,,,
699,140.411,,,,
700,139.880,,,,
701,139.329,,,,
702,138.797,,,,
703,138.797,,,,
704,138.266,,,,
705,137.715,,,,
706,136.652,,,,
707,136.101,,,,
708,135.038,,,,
709,134.487,,,,
710,133.424,,,,
711,132.342,,,,
712,130.190,,,,
713,128.576,,,,
714,126.424,,,,
715,124.810,,,,
716,122.658,,,,
717,120.506,,,,
718,117.816,,,,
719,114.589,,,,
720,111.361,,,,
721,108.671,,,,
722,107.601,,,,
723,108.133,,,,
724,111.361,,,,
725,116.203,,,,
726,122.658,,,,
727,128.576,,,,
728,133.418,,,,
729,136.646,,,,
730,138.797,,,,
731,140.411,,,,
732,142.025,,,,
733,143.639,,,,
734,145.253,,,,
735,146.867,,,,
736,147.949,,,,
737,147.949,,,,
738,147.399,,,,
739,146.335,,,,
740,145.785,,,,
741,144.722,,,,
742,144.171,,,,
743,143.639,,,,
744,143.108,,,,
745,142.557,,,,
746,142.025,,,,
747,142.025,,,,
748,142.025,,,,
749,142.025,,,,
750,141.494,,,,
751,140.943,,,,
752,140.411,,,,
753,140.411,,,,
754,139.880,,,,
755,139.329,,,,
756,138.797,,,,
757,138.266,,,,
758,137.715,,,,
759,136.652,,,,
760,136.101,,,,
761,135.038,,,,
762,134.487,,,,
763,133.424,,,,
764,132.342,,,,
765,130.728,,,,
766,129.114,,,,
767,128.032,,,,
768,127.500,,,,
769,126.424,,,,
770,124.272,,,,
771,121.582,,,,
772,118.354,,,,
773,115.127,,,,
774,111.899,,,,
775,110.829,,,,
776,111.361,,,,
777,114.589,,,,
778,119.430,,,,
779,125.348,,,,
780,130.190,,,,
781,132.880,,,,
782,135.032,,,,
783,136.646,,,,
784,138.266,,,,
785,139.329,,,,
786,139.880,,,,
787,140.943,,,,
788,141.494,,,,
789,142.025,,,,
790,142.025,,,,
791,142.025,,,,
792,142.025,,,,
793,142.025,,,,
794,141.494,,,,
795,140.943,,,,
796,140.411,,,,
797,140.411,,,,
798,139.880,,,,
799,139.329,,,,
800,138.797,,,,
801,138.797,,,,
802,138.266,,,,
803,137.715,,,,
804,136.652,,,,
805,136.101,,,,
806,135.570,,,,
807,135.038,,,,
808,134.487,,,,
809,133.956,,,,
810,132.880,,,,
811,131.804,,,,
812,130.196,,,,
813,128.576,,,,
814,125.348,,,,
815,121.582,,,,
816,117.278,,,,
817,113.513,,,,
818,110.285,,,,
819,108.133,,,,
820,108.671,,,,
821,111.899,,,,
822,117.816,,,,
823,123.734,,,,
824,129.114,,,,
825,132.880,,,,
826,135.570,,,,
827,137.184,,,,
828,138.797,,,,
829,139.880,,,,
830,140.943,,,,
831,142.025,,,,
832,143.108,,,,
833,143.639,,,,
834,143.639,,,,
835,143.639,,,,
836,143.639,,,,
837,143.639,,,,
838,143.639,,,,
839,143.639,,,,
840,143.639,,,,
841,143.108,,,,
842,142.557,,,,
843,142.025,,,,
844,142.025,,,,
845,141.494,,,,
846,140.943,,,,
847,140.411,,,,
848,140.411,,,,
849,140.411,,,,
850,140.411,,,,
851,139.880,,,,
852,139.329,,,,
853,138.797,,,,
854,138.797,,,,
855,138.797,,,,
856,138.266,,,,
857,137.184,,,,
858,135.570,,,,
859,133.418,,,,
860,130.728,,,,
861,127.500,,,,
862,124.272,,,,
863,121.582,,,,
864,119.430,,,,
865,117.278,,,,
866,114.051,,,,
867,111.361,,,,
868,109.747,,,,
869,110.823,,,,
870,113.513,,,,
871,118.892,,,,
872,124.810,,,,
873,130.190,,,,
874,133.418,,,,
875,135.570,,,,
876,137.184,,,,
877,138.797,,,,
878,140.411,,,,
879,141.494,,,,
880,142.557,,,,
881,143.108,,,,
882,143.639,,,,
883,143.639,,,,
884,143.639,,,,
885,143.639,,,,
886,143.639,,,,
887,143.639,,,,
888,143.639,,,,
889,143.639,,,,
890,143.639,,,,
891,143.108,,,,
892,142.025,,,,
893,140.411,,,,
894,139.329,,,,
895,137.722,,,,
896,136.646,,,,
897,135.038,,,,
898,133.956,,,,
899,132.342,,,,
900,130.728,,,,
901,128.576,,,,
902,126.424,,,,
903,124.272,,,,
904,122.658,,,,
905,119.968,,,,
906,116.741,,,,
907,112.975,,,,
908,109.747,,,,
909,107.595,,,,
910,107.051,,,,
911,109.209,,,,
912,113.513,,,,
913,119.968,,,,
914,126.424,,,,
915,131.804,,,,
916,135.032,,,,
917,137.722,,,,
918,139.873,,,,
919,142.025,,,,
920,143.108,,,,
921,144.171,,,,
922,144.722,,,,
923,145.253,,,,
924,145.785,,,,
925,146.335,,,,
926,146.867,,,,
927,146.867,,,,
928,146.867,,,,
929,146.867,,,,
930,146.867,,,,
931,146.335,,,,
932,145.785,,,,
933,144.722,,,,
934,144.171,,,,
935,143.108,,,,
936,142.557,,,,
937,141.494,,,,
938,140.943,,,,
939,140.411,,,,
940,140.411,,,,
941,139.880,,,,
942,139.329,,,,
943,138.797,,,,
944,138.797,,,,
945,138.266,,,,
946,137.715,,,,
947,136.652,,,,
948,136.101,,,,
949,135.038,,,,
950,133.956,,,,
951,132.342,,,,
952,130.728,,,,
953,129.114,,,,
954,127.500,,,,
955,125.348,,,,
956,123.196,,,,
957,120.506,,,,
958,117.816,,,,
959,114.589,,,,
960,112.437,,,,
961,110.829,,,,
962,110.829,,,,
963,112.437,,,,
964,116.741,,,,
965,122.658,,,,
966,128.576,,,,
967,132.880,,,,
968,135.570,,,,
969,137.184,,,,
970,138.797,,,,
971,139.880,,,,
972,140.943,,,,
973,141.494,,,,
974,142.025,,,,
975,142.025,,,,
976,142.025,,,,
977,142.025,,,,
978,141.494,,,,
979,140.943,,,,
980,140.411,,,,
981,139.880,,,,
982,139.329,,,,
983,138.797,,,,
984,138.266,,,,
985,137.715,,,,
986,137.184,,,,
987,136.652,,,,
988,135.570,,,,
989,133.956,,,,
990,132.873,,,,
991,131.266,,,,
992,130.190,,,,
993,128.582,,,,
994,126.962,,,,
995,124.810,,,,
996,122.658,,,,
997,120.513,,,,
998,117.816,,,,
999,114.589,,,,
1000,111.361,,,,
1001,109.209,,,,
1002,108.133,,,,
1003,109.209,,,,
1004,112.975,,,,
1005,118.892,,,,
1006,125.886,,,,
1007,131.266,,,,
1008,135.032,,,,
1009,137.722,,,,
1010,139.873,,,,
1011,142.025,,,,
1012,143.639,,,,
1013,145.253,,,,
1014,146.335,,,,
1015,146.867,,,,
1016,146.335,,,,
1017,145.253,,,,
1018,144.171,,,,
1019,143.639,,,,
1020,143.108,,,,
1021,142.557,,,,
1022,142.025,,,,
1023,142.025,,,,
1024,142.025,,,,
1025,141.494,,,,
1026,140.943,,,,
1027,140.411,,,,
1028,139.880,,,,
1029,139.329,,,,
1030,138.797,,,,
1031,138.797,,,,
1032,138.266,,,,
1033,137.715,,,,
1034,137.184,,,,
1035,136.652,,,,
1036,136.101,,,,
1037,135.038,,,,
1038,133.956,,,,
1039,132.342,,,,
1040,130.728,,,,
1041,129.114,,,,
1042,127.500,,,,
1043,125.886,,,,
1044,124.272,,,,
1045,122.658,,,,
1046,120.506,,,,
1047,117.816,,,,
1048,114.589,,,,
1049,111.899,,,,
1050,110.278,,,,
1051,110.278,,,,
1052,112.437,,,,
1053,116.741,,,,
1054,122.658,,,,
1055,128.576,,,,
1056,132.880,,,,
1057,135.570,,,,
1058,137.184,,,,
1059,138.797,,,,
1060,140.411,,,,
1061,141.494,,,,
1062,142.025,,,,
1063,142.557,,,,
1064,142.557,,,,
1065,142.557,,,,
1066,142.025,,,,
1067,142.025,,,,
1068,141.494,,,,
1069,141.494,,,,
1070,140.943,,,,
1071,140.943,,,,
1072,140.411,,,,
1073,139.880,,,,
1074,139.329,,,,
1075,138.266,,,,
1076,137.715,,,,
1077,136.652,,,,
1078,136.101,,,,
1079,135.570,,,,
1080,134.494,,,,
1081,133.418,,,,
1082,131.266,,,,
1083,129.652,,,,
1084,128.032,,,,
1085,126.424,,,,
1086,124.810,,,,
1087,122.658,,,,
1088,119.968,,,,
1089,116.741,,,,
1090,113.513,,,,
1091,110.823,,,,
1092,108.671,,,,
1093,107.051,,,,
1094,107.595,,,,
1095,110.823,,,,
1096,116.741,,,,
1097,123.734,,,,
1098,130.190,,,,
1099,134.494,,,,
1100,137.722,,,,
1101,140.411,,,,
1102,143.101,,,,
1103,145.253,,,,
1104,146.335,,,,
1105,146.867,,,,
1106,146.867,,,,
1107,146.867,,,,
1108,146.335,,,,
1109,145.785,,,,
1110,145.253,,,,
1111,144.722,,,,
1112,144.171,,,,
1113,143.639,,,,
1114,143.639,,,,
1115,143.639,,,,
1116,143.639,,,,
1117,143.639,,,,
1118,143.639,,,,
1119,143.639,,,,
1120,143.639,,,,
1121,143.639,,,,
1122,143.639,,,,
1123,143.639,,,,
1124,143.108,,,,
1125,142.557,,,,
1126,142.025,,,,
1127,142.025,,,,
1128,142.025,,,,
1129,141.494,,,,
1130,140.943,,,,
1131,140.411,,,,
1132,140.411,,,,
1133,140.411,,,,
1134,139.880,,,,
1135,139.329,,,,
1136,138.797,,,,
1137,138.266,,,,
1138,137.715,,,,
1139,137.184,,,,
1140,136.652,,,,
1141,135.570,,,,
1142,133.418,,,,
1143,131.266,,,,
1144,128.576,,,,
1145,126.424,,,,
1146,123.734,,,,
1147,121.044,,,,
1148,117.816,,,,
1149,114.589,,,,
1150,111.899,,,,
1151,109.747,,,,
1152,108.665,,,,
1153,108.665,,,,
1154,110.823,,,,
1155,115.127,,,,
1156,121.044,,,,
1157,126.962,,,,
1158,131.804,,,,
1159,135.032,,,,
1160,137.184,,,,
1161,138.797,,,,
1162,140.411,,,,
1163,142.025,,,,
1164,143.108,,,,
1165,143.639,,,,
1166,143.639,,,,
1167,144.171,,,,
1168,144.722,,,,
1169,145.253,,,,
1170,145.253,,,,
1171,145.253,,,,
1172,145.253,,,,
1173,145.253,,,,
1174,145.253,,,,
1175,145.253,,,,
1176,145.253,,,,
1177,144.722,,,,
1178,144.171,,,,
1179,143.108,,,,
1180,142.025,,,,
1181,140.943,,,,
1182,139.880,,,,
1183,138.797,,,,
1184,137.715,,,,
1185,136.652,,,,
1186,136.101,,,,
1187,135.038,,,,
1188,134.487,,,,
1189,133.424,,,,
1190,132.342,,,,
1191,130.728,,,,
1192,129.114,,,,
1193,127.500,,,,
1194,125.348,,,,
1195,123.196,,,,
1196,121.576,,,,
1197,119.430,,,,
1198,116.741,,,,
1199,112.975,,,,
1200,109.747,,,,
1201,107.595,,,,
1202,105.987,,,,
1203,106.519,,,,
1204,108.671,,,,
1205,114.051,,,,
1206,120.506,,,,
1207,126.962,,,,
1208,131.804,,,,
1209,135.570,,,,
1210,138.259,,,,
1211,140.411,,,,
1212,142.025,,,,
1213,143.639,,,,
1214,145.253,,,,
1215,146.335,,,,
1216,146.867,,,,
1217,147.399,,,,
1218,147.949,,,,
1219,148.481,,,,
1220,148.481,,,,
1221,147.949,,,,
1222,147.399,,,,
1223,146.867,,,,
1224,146.335,,,,
1225,145.785,,,,
1226,144.722,,,,
1227,144.171,,,,
1228,143.639,,,,
1229,143.108,,,,
1230,142.557,,,,
1231,142.025,,,,
1232,142.025,,,,
1233,141.494,,,,
1234,140.943,,,,
1235,140.411,,,,
1236,140.411,,,,
1237,139.880,,,,
1238,139.329,,,,
1239,138.797,,,,
1240,138.797,,,,
1241,138.797,,,,
1242,138.266,,,,
1243,137.715,,,,
1244,137.184,,,,
1245,136.652,,,,
1246,136.101,,,,
1247,135.038,,,,
1248,134.487,,,,
1249,133.424,,,,
1250,132.342,,,,
1251,130.728,,,,
1252,129.646,,,,
1253,128.582,,,,
1254,127.500,,,,
1255,125.348,,,,
1256,123.734,,,,
1257,121.582,,,,
1258,119.968,,,,
1259,117.278,,,,
1260,114.589,,,,
1261,111.899,,,,
1262,110.278,,,,
1263,109.747,,,,
1264,110.278,,,,
1265,112.975,,,,
1266,117.816,,,,
1267,123.734,,,,
1268,128.576,,,,
1269,131.804,,,,
1270,134.494,,,,
1271,136.646,,,,
1272,138.797,,,,
1273,139.880,,,,
1274,140.411,,,,
1275,140.943,,,,
1276,141.494,,,,
1277,142.025,,,,
1278,141.494,,,,
1279,140.943,,,,
1280,140.411,,,,
1281,140.411,,,,
1282,139.880,,,,
1283,139.329,,,,
1284,138.797,,,,
1285,138.266,,,,
1286,137.715,,,,
1287,137.184,,,,
1288,136.652,,,,
1289,136.101,,,,
1290,135.038,,,,
1291,134.487,,,,
1292,133.424,,,,
1293,132.873,,,,
1294,131.266,,,,
1295,130.190,,,,
1296,128.582,,,,
1297,126.962,,,,
1298,124.810,,,,
1299,122.658,,,,
1300,121.576,,,,
1301,119.430,,,,
1302,116.741,,,,
1303,113.513,,,,
1304,110.823,,,,
1305,108.671,,,,
1306,107.051,,,,
1307,107.595,,,,
1308,110.823,,,,
1309,116.203,,,,
1310,122.658,,,,
1311,128.576,,,,
1312,133.418,,,,
1313,136.646,,,,
1314,138.797,,,,
1315,140.411,,,,
1316,142.025,,,,
1317,143.639,,,,
1318,144.722,,,,
1319,145.785,,,,
1320,146.335,,,,
1321,146.335,,,,
1322,145.253,,,,
1323,143.639,,,,
1324,142.557,,,,
1325,142.025,,,,
1326,142.025,,,,
1327,141.494,,,,
1328,140.943,,,,
1329,140.411,,,,
1330,140.411,,,,
1331,140.411,,,,
1332,140.411,,,,
1333,139.880,,,,
1334,139.329,,,,
1335,138.266,,,,
1336,137.715,,,,
1337,137.184,,,,
1338,136.652,,,,
1339,136.101,,,,
1340,135.038,,,,
1341,134.487,,,,
1342,133.424,,,,
1343,132.873,,,,
1344,131.810,,,,
1345,130.728,,,,
1346,129.114,,,,
1347,128.032,,,,
1348,126.424,,,,
1349,125.348,,,,
1350,123.196,,,,
1351,121.582,,,,
1352,118.892,,,,
1353,115.665,,,,
1354,112.437,,,,
1355,109.747,,,,
1356,108.665,,,,
1357,108.665,,,,
1358,110.823,,,,
1359,115.127,,,,
1360,121.044,,,,
1361,126.424,,,,
1362,130.728,,,,
1363,133.956,,,,
1364,136.646,,,,
1365,138.266,,,,
1366,139.329,,,,
1367,139.880,,,,
1368,140.943,,,,
1369,141.494,,,,
1370,142.025,,,,
1371,141.494,,,,
1372,140.943,,,,
1373,140.411,,,,
1374,140.411,,,,
1375,139.880,,,,
1376,139.329,,,,
1377,138.797,,,,
1378,138.797,,,,
1379,138.266,,,,
1380,137.715,,,,
1381,137.184,,,,
1382,136.652,,,,
1383,136.101,,,,
1384,135.570,,,,
1385,135.570,,,,
1386,135.038,,,,
1387,133.956,,,,
1388,132.342,,,,
1389,130.728,,,,
1390,129.114,,,,
1391,127.500,,,,
1392,125.886,,,,
1393,124.272,,,,
1394,122.120,,,,
1395,119.430,,,,
1396,116.203,,,,
1397,113.513,,,,
1398,110.285,,,,
1399,107.595,,,,
1400,105.437,,,,
1401,105.437,,,,
1402,107.595,,,,
1403,112.437,,,,
1404,118.892,,,,
1405,125.348,,,,
1406,130.728,,,,
1407,134.494,,,,
1408,137.722,,,,
1409,139.873,,,,
1410,141.494,,,,
1411,142.557,,,,
1412,143.108,,,,
1413,143.639,,,,
1414,143.639,,,,
1415,143.639,,,,
1416,143.639,,,,
1417,143.639,,,,
1418,143.108,,,,
1419,142.557,,,,
1420,142.025,,,,
1421,142.025,,,,
1422,142.025,,,,
1423,142.025,,,,
1424,142.025,,,,
1425,142.025,,,,
1426,141.494,,,,
1427,140.943,,,,
1428,140.411,,,,
1429,139.880,,,,
1430,139.329,,,,
1431,138.797,,,,
1432,138.797,,,,
1433,138.797,,,,
1434,138.266,,,,
1435,137.715,,,,
1436,137.184,,,,
1437,137.184,,,,
1438,136.652,,,,
1439,136.101,,,,
1440,135.038,,,,
1441,134.487,,,,
1442,133.424,,,,
1443,132.873,,,,
1444,131.810,,,,
1445,130.728,,,,
1446,129.114,,,,
1447,127.500,,,,
1448,124.816,,,,
1449,121.044,,,,
1450,116.203,,,,
1451,111.899,,,,
1452,108.671,,,,
1453,107.051,,,,
1454,107.595,,,,
1455,110.285,,,,
1456,115.665,,,,
1457,121.582,,,,
1458,127.500,,,,
1459,131.266,,,,
1460,133.956,,,,
1461,135.570,,,,
1462,137.184,,,,
1463,138.266,,,,
1464,139.329,,,,
1465,139.880,,,,
1466,140.411,,,,
1467,140.411,,,,
1468,140.411,,,,
1469,139.880,,,,
1470,139.329,,,,
1471,138.797,,,,
1472,138.266,,,,
1473,137.715,,,,
1474,137.184,,,,
1475,136.652,,,,
1476,136.101,,,,
1477,135.570,,,,
1478,135.038,,,,
1479,134.487,,,,
1480,133.424,,,,
1481,132.873,,,,
1482,131.266,,,,
1483,129.652,,,,
1484,128.032,,,,
1485,126.968,,,,
1486,125.886,,,,
1487,123.734,,,,
1488,121.044,,,,
1489,117.816,,,,
1490,114.051,,,,
1491,110.823,,,,
1492,108.133,,,,
1493,107.051,,,,
1494,108.133,,,,
1495,112.437,,,,
1496,118.892,,,,
1497,125.348,,,,
1498,130.190,,,,
1499,133.418,,,,
1500,135.570,,,,
1501,137.184,,,,
1502,138.266,,,,
1503,139.329,,,,
1504,140.411,,,,
1505,141.494,,,,
1506,142.025,,,,
1507,142.025,,,,
1508,142.025,,,,
1509,142.025,,,,
1510,141.494,,,,
1511,140.943,,,,
1512,140.411,,,,
1513,140.411,,,,
1514,139.880,,,,
1515,139.329,,,,
1516,138.797,,,,
1517,138.266,,,,
1518,137.715,,,,
1519,137.184,,,,
1520,136.652,,,,
1521,136.101,,,,
1522,135.570,,,,
1523,135.038,,,,
1524,133.956,,,,
1525,132.873,,,,
1526,131.810,,,,
1527,130.728,,,,
1528,129.114,,,,
1529,127.500,,,,
1530,125.886,,,,
1531,123.734,,,,
1532,121.582,,,,
1533,119.430,,,,
1534,117.278,,,,
1535,114.589,,,,
1536,111.361,,,,
1537,108.671,,,,
1538,107.601,,,,
1539,108.133,,,,
1540,111.361,,,,
1541,116.203,,,,
1542,122.658,,,,
1543,128.038,,,,
1544,132.342,,,,
1545,135.032,,,,
1546,137.184,,,,
1547,138.266,,,,
1548,139.329,,,,
1549,139.880,,,,
1550,140.411,,,,
1551,140.411,,,,
1552,140.411,,,,
1553,140.411,,,,
1554,139.880,,,,
1555,139.329,,,,
1556,138.797,,,,
1557,138.266,,,,
1558,137.715,,,,
1559,137.184,,,,
1560,136.652,,,,
1561,136.101,,,,
1562,135.038,,,,
1563,134.487,,,,
1564,133.424,,,,
1565,132.342,,,,
1566,130.728,,,,
1567,129.114,,,,
1568,127.500,,,,
1569,125.886,,,,
1570,124.272,,,,
1571,122.120,,,,
1572,119.968,,,,
1573,117.278,,,,
1574,114.589,,,,
1575,111.361,,,,
1576,108.133,,,,
1577,105.981,,,,
1578,105.437,,,,
1579,107.595,,,,
1580,112.437,,,,
1581,119.430,,,,
1582,126.424,,,,
1583,131.804,,,,
1584,135.570,,,,
1585,138.259,,,,
1586,140.411,,,,
1587,141.494,,,,
1588,142.025,,,,
1589,142.557,,,,
1590,143.108,,,,
1591,143.108,,,,
1592,142.557,,,,
1593,142.025,,,,
1594,142.025,,,,
1595,142.025,,,,
1596,142.025,,,,
1597,142.025,,,,
1598,142.025,,,,
1599,142.025,,,,
1600,141.494,,,,
1601,140.943,,,,
1602,140.411,,,,
1603,140.411,,,,
1604,139.880,,,,
1605,139.329,,,,
1606,138.797,,,,
1607,138.266,,,,
1608,137.715,,,,
1609,136.652,,,,
1610,136.101,,,,
1611,135.570,,,,
1612,135.038,,,,
1613,134.487,,,,
1614,133.424,,,,
1615,132.342,,,,
1616,130.728,,,,
1617,129.114,,,,
1618,128.032,,,,
1619,126.424,,,,
1620,124.810,,,,
1621,122.658,,,,
1622,120.506,,,,
1623,117.816,,,,
1624,114.589,,,,
1625,111.899,,,,
1626,108.671,,,,
1627,105.981,,,,
1628,104.373,,,,
1629,104.905,,,,
1630,108.133,,,,
1631,113.513,,,,
1632,120.506,,,,
1633,127.500,,,,
1634,132.880,,,,
1635,137.184,,,,
1636,139.873,,,,
1637,142.025,,,,
1638,143.639,,,,
1639,144.722,,,,
1640,145.253,,,,
1641,145.253,,,,
1642,144.722,,,,
1643,144.171,,,,
1644,143.639,,,,
1645,143.639,,,,
1646,143.639,,,,
1647,143.639,,,,
1648,143.639,,,,
1649,143.639,,,,
1650,143.639,,,,
1651,143.639,,,,
1652,143.108,,,,
1653,142.557,,,,
1654,142.025,,,,
1655,142.025,,,,
1656,142.025,,,,
1657,142.025,,,,
1658,141.494,,,,
1659,140.943,,,,
1660,140.411,,,,
1661,140.411,,,,
1662,139.880,,,,
1663,139.329,,,,
1664,138.797,,,,
1665,138.797,,,,
1666,138.797,,,,
1667,138.797,,,,
1668,138.266,,,,
1669,137.715,,,,
1670,136.652,,,,
1671,136.101,,,,
1672,135.570,,,,
1673,135.570,,,,
1674,135.038,,,,
1675,133.418,,,,
1676,131.266,,,,
1677,129.114,,,,
1678,126.424,,,,
1679,123.734,,,,
1680,119.968,,,,
1681,116.741,,,,
1682,112.975,,,,
1683,109.747,,,,
1684,107.595,,,,
1685,107.051,,,,
1686,109.209,,,,
1687,113.513,,,,
1688,118.892,,,,
1689,124.272,,,,
1690,128.576,,,,
1691,131.804,,,,
1692,133.956,,,,
1693,135.570,,,,
1694,137.184,,,,
1695,138.266,,,,
1696,138.797,,,,
1697,139.329,,,,
1698,139.329,,,,
1699,139.329,,,,
1700,138.797,,,,
1701,138.797,,,,
1702,138.266,,,,
1703,137.715,,,,
1704,136.652,,,,
1705,136.101,,,,
1706,135.570,,,,
1707,135.038,,,,
1708,134.487,,,,
1709,133.424,,,,
1710,132.342,,,,
1711,130.728,,,,
1712,129.114,,,,
1713,127.500,,,,
1714,125.886,,,,
1715,124.272,,,,
1716,122.658,,,,
1717,121.044,,,,
1718,118.892,,,,
1719,116.203,,,,
1720,112.975,,,,
1721,110.285,,,,
1722,108.133,,,,
1723,107.601,,,,
1724,109.209,,,,
1725,114.051,,,,
1726,120.506,,,,
1727,126.962,,,,
1728,131.804,,,,
1729,135.570,,,,
1730,137.722,,,,
1731,139.329,,,,
1732,140.411,,,,
1733,141.494,,,,
1734,142.025,,,,
1735,142.557,,,,
1736,143.108,,,,
1737,143.108,,,,
1738,142.557,,,,
1739,142.025,,,,
1740,142.025,,,,
1741,142.025,,,,
1742,142.025,,,,
1743,141.494,,,,
1744,140.943,,,,
1745,140.411,,,,
1746,139.880,,,,
1747,139.329,,,,
1748,138.797,,,,
1749,138.266,,,,
1750,137.715,,,,
1751,137.184,,,,
1752,136.652,,,,
1753,136.101,,,,
1754,135.570,,,,
1755,135.038,,,,
1756,133.956,,,,
1757,132.342,,,,
1758,130.728,,,,
1759,129.114,,,,
1760,127.500,,,,
1761,125.886,,,,
1762,124.272,,,,
1763,122.120,,,,
1764,119.968,,,,
1765,117.278,,,,
1766,114.051,,,,
1767,110.823,,,,
1768,107.595,,,,
1769,105.443,,,,
1770,104.373,,,,
1771,105.981,,,,
1772,110.285,,,,
1773,116.203,,,,
1774,123.196,,,,
1775,129.652,,,,
1776,135.032,,,,
1777,138.797,,,,
1778,142.025,,,,
1779,144.715,,,,
1780,146.335,,,,
1781,146.335,,,,
1782,145.785,,,,
1783,145.253,,,,
1784,145.253,,,,
1785,144.722,,,,
1786,144.171,,,,
1787,143.639,,,,
1788,143.639,,,,
1789,143.639,,,,
1790,143.639,,,,
1791,143.639,,,,
1792,143.639,,,,
1793,143.639,,,,
1794,143.639,,,,
1795,143.639,,,,
1796,143.639,,,,
1797,143.639,,,,
1798,143.639,,,,
1799,143.108,,,,
1800,142.557,,,,
1801,142.025,,,,
1802,142.025,,,,
1803,142.025,,,,
1804,142.025,,,,
1805,141.494,,,,
1806,140.943,,,,
1807,140.411,,,,
1808,140.411,,,,
1809,140.411,,,,
1810,139.880,,,,
1811,139.329,,,,
1812,138.797,,,,
1813,138.797,,,,
1814,138.797,,,,
1815,138.797,,,,
1816,138.266,,,,
1817,137.715,,,,
1818,136.652,,,,
1819,135.570,,,,
1820,133.418,,,,
1821,130.728,,,,
1822,127.500,,,,
1823,124.810,,,,
1824,122.120,,,,
1825,120.506,,,,
1826,117.816,,,,
1827,115.127,,,,
1828,111.899,,,,
1829,109.209,,,,
1830,107.595,,,,
1831,106.519,,,,
1832,108.133,,,,
1833,111.899,,,,
1834,117.816,,,,
1835,123.734,,,,
1836,128.576,,,,
1837,132.342,,,,
1838,135.032,,,,
1839,137.184,,,,
1840,138.266,,,,
1841,139.329,,,,
1842,140.411,,,,
1843,141.494,,,,
1844,141.494,,,,
1845,140.943,,,,
1846,140.411,,,,
1847,140.411,,,,
1848,139.880,,,,
1849,139.329,,,,
1850,138.797,,,,
1851,138.797,,,,
1852,138.266,,,,
1853,137.715,,,,
1854,137.184,,,,
1855,136.652,,,,
1856,136.101,,,,
1857,135.570,,,,
1858,135.038,,,,
1859,133.956,,,,
1860,132.873,,,,
1861,131.810,,,,
1862,130.728,,,,
1863,129.114,,,,
1864,127.500,,,,
1865,126.418,,,,
1866,124.810,,,,
1867,123.196,,,,
1868,120.506,,,,
1869,118.354,,,,
1870,115.127,,,,
1871,111.899,,,,
1872,108.671,,,,
1873,107.051,,,,
1874,107.595,,,,
1875,110.823,,,,
1876,116.203,,,,
1877,122.658,,,,
1878,128.576,,,,
1879,132.880,,,,
1880,136.108,,,,
1881,137.722,,,,
1882,139.329,,,,
1883,140.411,,,,
1884,141.494,,,,
1885,142.557,,,,
1886,143.108,,,,
1887,143.639,,,,
1888,143.639,,,,
1889,143.639,,,,
1890,143.639,,,,
1891,143.108,,,,
1892,142.557,,,,
1893,142.025,,,,
1894,142.025,,,,
1895,142.025,,,,
1896,142.025,,,,
1897,141.494,,,,
1898,140.943,,,,
1899,140.411,,,,
1900,140.411,,,,
1901,139.880,,,,
1902,139.329,,,,
1903,138.797,,,,
1904,138.797,,,,
1905,138.266,,,,
1906,137.715,,,,
1907,137.184,,,,
1908,136.652,,,,
1909,136.101,,,,
1910,135.570,,,,
1911,135.038,,,,
1912,134.487,,,,
1913,133.424,,,,
1914,132.342,,,,
1915,130.190,,,,
1916,128.038,,,,
1917,125.348,,,,
1918,122.658,,,,
1919,118.892,,,,
1920,114.589,,,,
1921,110.823,,,,
1922,108.133,,,,
1923,106.519,,,,
1924,106.519,,,,
1925,108.671,,,,
1926,114.051,,,,
1927,120.506,,,,
1928,126.962,,,,
1929,132.342,,,,
1930,136.108,,,,
1931,138.797,,,,
1932,139.880,,,,
1933,140.943,,,,
1934,141.494,,,,
1935,142.557,,,,
1936,143.108,,,,
1937,143.639,,,,
1938,143.108,,,,
1939,142.557,,,,
1940,142.025,,,,
1941,142.025,,,,
1942,142.025,,,,
1943,142.025,,,,
1944,142.025,,,,
1945,141.494,,,,
1946,140.943,,,,
1947,140.411,,,,
1948,140.411,,,,
1949,140.411,,,,
1950,139.880,,,,
1951,139.329,,,,
1952,138.266,,,,
1953,137.715,,,,
1954,136.652,,,,
1955,136.101,,,,
1956,135.038,,,,
1957,134.487,,,,
1958,133.424,,,,
1959,132.873,,,,
1960,131.810,,,,
1961,130.728,,,,
1962,129.114,,,,
1963,127.500,,,,
1964,125.886,,,,
1965,124.272,,,,
1966,122.658,,,,
1967,120.506,,,,
1968,117.816,,,,
1969,114.051,,,,
1970,110.285,,,,
1971,107.057,,,,
1972,104.905,,,,
1973,104.373,,,,
1974,105.443,,,,
1975,109.747,,,,
1976,116.203,,,,
1977,124.272,,,,
1978,131.804,,,,
1979,137.722,,,,
1980,141.487,,,,
1981,143.108,,,,
1982,144.171,,,,
1983,144.722,,,,
1984,145.785,,,,
1985,146.335,,,,
1986,146.867,,,,
1987,146.335,,,,
1988,145.785,,,,
1989,145.253,,,,
1990,145.253,,,,
1991,145.253,,,,
1992,144.722,,,,
1993,144.722,,,,
1994,144.722,,,,
1995,144.722,,,,
1996,144.171,,,,
1997,143.639,,,,
1998,143.639,,,,
1999,143.639,,,,
2000,143.639,,,,
2001,143.639,,,,
2002,143.639,,,,
2003,143.639,,,,
2004,143.639,,,,
2005,143.639,,,,
2006,143.639,,,,
2007,143.108,,,,
2008,142.557,,,,
2009,142.557,,,,
2010,143.108,,,,
2011,143.639,,,,
2012,143.639,,,,
2013,143.108,,,,
2014,143.108,,,,
2015,142.557,,,,
2016,142.557,,,,
2017,141.494,,,,
2018,140.943,,,,
2019,140.411,,,,
2020,139.880,,,,
2021,138.797,,,,
2022,137.184,,,,
2023,135.032,,,,
2024,132.880,,,,
2025,130.728,,,,
2026,129.114,,,,
2027,127.500,,,,
2028,125.348,,,,
2029,123.196,,,,
2030,120.506,,,,
2031,118.354,,,,
2032,115.665,,,,
2033,113.513,,,,
2034,110.823,,,,
2035,108.133,,,,
2036,105.981,,,,
2037,104.905,,,,
2038,106.519,,,,
2039,110.285,,,,
2040,116.741,,,,
2041,123.734,,,,
2042,129.652,,,,
2043,133.956,,,,
2044,137.184,,,,
2045,139.335,,,,
2046,140.943,,,,
2047,142.025,,,,
2048,143.108,,,,
2049,143.639,,,,
2050,143.639,,,,
2051,143.639,,,,
2052,143.639,,,,
2053,143.639,,,,
2054,143.639,,,,
2055,143.639,,,,
2056,143.639,,,,
2057,143.639,,,,
2058,143.639,,,,
2059,143.639,,,,
2060,143.639,,,,
2061,143.639,,,,
2062,143.639,,,,
2063,143.639,,,,
2064,143.639,,,,
2065,143.639,,,,
2066,143.639,,,,
2067,143.108,,,,
2068,142.557,,,,
2069,142.025,,,,
2070,141.494,,,,
2071,140.411,,,,
2072,139.329,,,,
2073,138.266,,,,
2074,137.184,,,,
2075,135.570,,,,
2076,133.956,,,,
2077,132.342,,,,
2078,130.190,,,,
2079,128.576,,,,
2080,126.424,,,,
2081,124.810,,,,
2082,122.658,,,,
2083,120.506,,,,
2084,118.354,,,,
2085,115.127,,,,
2086,112.437,,,,
2087,109.209,,,,
2088,106.519,,,,
2089,103.829,,,,
2090,103.291,,,,
2091,105.443,,,,
2092,110.285,,,,
2093,116.203,,,,
2094,122.658,,,,
2095,129.114,,,,
2096,134.494,,,,
2097,138.797,,,,
2098,142.025,,,,
2099,144.715,,,,
2100,146.335,,,,
2101,146.867,,,,
2102,146.867,,,,
2103,146.867,,,,
2104,146.867,,,,
2105,147.399,,,,
2106,147.949,,,,
2107,148.481,,,,
2108,148.481,,,,
2109,148.481,,,,
2110,148.481,,,,
2111,148.481,,,,
2112,147.949,,,,
2113,147.399,,,,
2114,146.335,,,,
2115,145.785,,,,
2116,144.722,,,,
2117,144.171,,,,
2118,143.108,,,,
2119,142.557,,,,
2120,142.025,,,,
2121,142.025,,,,
2122,141.494,,,,
2123,140.943,,,,
2124,140.411,,,,
2125,140.411,,,,
2126,139.880,,,,
2127,139.329,,,,
2128,138.797,,,,
2129,138.266,,,,
2130,137.715,,,,
2131,137.184,,,,
2132,136.652,,,,
2133,136.101,,,,
2134,135.038,,,,
2135,134.487,,,,
2136,133.424,,,,
2137,132.342,,,,
2138,130.728,,,,
2139,129.114,,,,
2140,127.500,,,,
2141,126.418,,,,
2142,124.810,,,,
2143,123.196,,,,
2144,120.506,,,,
2145,118.354,,,,
2146,115.665,,,,
2147,112.975,,,,
2148,109.747,,,,
2149,106.519,,,,
2150,104.367,,,,
2151,103.823,,,,
2152,105.981,,,,
2153,110.285,,,,
2154,116.741,,,,
2155,123.734,,,,
2156,130.190,,,,
2157,134.494,,,,
2158,137.722,,,,
2159,139.873,,,,
2160,141.494,,,,
2161,142.557,,,,
2162,143.639,,,,
2163,145.253,,,,
2164,146.335,,,,
2165,146.867,,,,
2166,146.867,,,,
2167,146.867,,,,
2168,146.867,,,,
2169,146.867,,,,
2170,146.867,,,,
2171,146.335,,,,
2172,145.785,,,,
2173,144.722,,,,
2174,144.171,,,,
2175,143.639,,,,
2176,143.108,,,,
2177,142.557,,,,
2178,142.025,,,,
2179,141.494,,,,
2180,140.411,,,,
2181,139.329,,,,
2182,138.797,,,,
2183,138.797,,,,
2184,138.797,,,,
2185,138.266,,,,
2186,137.715,,,,
2187,137.184,,,,
2188,136.652,,,,
2189,136.101,,,,
2190,135.038,,,,
2191,134.487,,,,
2192,133.424,,,,
2193,132.342,,,,
2194,130.728,,,,
2195,129.114,,,,
2196,127.500,,,,
2197,125.886,,,,
2198,124.272,,,,
2199,122.658,,,,
2200,120.506,,,,
2201,117.816,,,,
2202,114.051,,,,
2203,110.823,,,,
2204,107.595,,,,
2205,105.981,,,,
2206,104.905,,,,
2207,106.519,,,,
2208,110.285,,,,
2209,116.741,,,,
2210,123.734,,,,
2211,130.190,,,,
2212,135.032,,,,
2213,138.259,,,,
2214,140.949,,,,
2215,142.563,,,,
2216,143.639,,,,
2217,143.639,,,,
2218,143.639,,,,
2219,143.639,,,,
2220,143.639,,,,
2221,143.108,,,,
2222,142.557,,,,
2223,141.494,,,,
2224,140.943,,,,
2225,140.411,,,,
2226,140.411,,,,
2227,140.411,,,,
2228,139.880,,,,
2229,139.329,,,,
2230,138.266,,,,
2231,137.715,,,,
2232,137.184,,,,
2233,137.184,,,,
2234,136.652,,,,
2235,136.101,,,,
2236,135.570,,,,
2237,135.038,,,,
2238,134.487,,,,
2239,133.424,,,,
2240,132.342,,,,
2241,130.728,,,,
2242,129.114,,,,
2243,128.032,,,,
2244,126.968,,,,
2245,125.348,,,,
2246,123.196,,,,
2247,120.506,,,,
2248,117.816,,,,
2249,114.589,,,,
2250,111.361,,,,
2251,107.595,,,,
2252,104.905,,,,
2253,103.291,,,,
2254,104.905,,,,
2255,108.671,,,,
2256,114.589,,,,
2257,121.044,,,,
2258,126.962,,,,
2259,131.804,,,,
2260,136.108,,,,
2261,139.873,,,,
2262,143.639,,,,
2263,146.329,,,,
2264,147.949,,,,
2265,147.949,,,,
2266,147.399,,,,
2267,146.867,,,,
2268,146.335,,,,
2269,145.785,,,,
2270,144.722,,,,
2271,144.171,,,,
2272,143.108,,,,
2273,142.557,,,,
2274,142.025,,,,
2275,142.025,,,,
2276,141.494,,,,
2277,140.943,,,,
2278,140.411,,,,
2279,140.411,,,,
2280,139.880,,,,
2281,139.329,,,,
2282,138.797,,,,
2283,138.797,,,,
2284,138.266,,,,
2285,137.715,,,,
2286,137.184,,,,
2287,137.184,,,,
2288,136.652,,,,
2289,136.101,,,,
2290,135.038,,,,
2291,134.487,,,,
2292,133.424,,,,
2293,132.342,,,,
2294,130.728,,,,
2295,129.646,,,,
2296,128.582,,,,
2297,127.500,,,,
2298,125.886,,,,
2299,123.734,,,,
2300,121.582,,,,
2301,118.892,,,,
2302,116.741,,,,
2303,113.513,,,,
2304,110.285,,,,
2305,107.595,,,,
2306,107.051,,,,
2307,108.133,,,,
2308,111.361,,,,
2309,116.741,,,,
2310,123.196,,,,
2311,129.114,,,,
2312,132.880,,,,
2313,136.108,,,,
2314,137.722,,,,
2315,138.797,,,,
2316,138.797,,,,
2317,139.329,,,,
2318,139.880,,,,
2319,140.411,,,,
2320,139.880,,,,
2321,139.329,,,,
2322,138.266,,,,
2323,137.715,,,,
2324,137.184,,,,
2325,136.652,,,,
2326,136.101,,,,
2327,135.570,,,,
2328,135.038,,,,
2329,133.956,,,,
2330,132.873,,,,
2331,131.266,,,,
2332,130.190,,,,
2333,128.582,,,,
2334,127.500,,,,
2335,125.886,,,,
2336,123.734,,,,
2337,121.582,,,,
2338,118.892,,,,
2339,116.741,,,,
2340,114.051,,,,
2341,111.361,,,,
2342,108.133,,,,
2343,104.905,,,,
2344,103.291,,,,
2345,103.829,,,,
2346,107.595,,,,
2347,113.513,,,,
2348,121.044,,,,
2349,128.038,,,,
2350,133.956,,,,
2351,137.722,,,,
2352,140.411,,,,
2353,142.025,,,,
2354,143.108,,,,
2355,144.171,,,,
2356,144.722,,,,
2357,145.785,,,,
2358,146.335,,,,
2359,146.867,,,,
2360,146.867,,,,
2361,146.867,,,,
2362,146.867,,,,
2363,146.867,,,,
2364,146.867,,,,
2365,146.335,,,,
2366,145.785,,,,
2367,144.722,,,,
2368,144.171,,,,
2369,143.108,,,,
2370,142.557,,,,
2371,141.494,,,,
2372,140.943,,,,
2373,139.880,,,,
2374,139.329,,,,
2375,138.266,,,,
2376,137.715,,,,
2377,137.184,,,,
2378,136.652,,,,
2379,136.101,,,,
2380,135.038,,,,
2381,134.487,,,,
2382,133.424,,,,
2383,132.342,,,,
2384,130.728,,,,
2385,129.646,,,,
2386,128.582,,,,
2387,127.500,,,,
2388,125.348,,,,
2389,123.196,,,,
2390,120.506,,,,
2391,118.354,,,,
2392,115.665,,,,
2393,112.975,,,,
2394,109.747,,,,
2395,107.057,,,,
2396,104.905,,,,
2397,104.373,,,,
2398,105.981,,,,
2399,110.285,,,,
2400,116.203,,,,
2401,122.658,,,,
2402,129.114,,,,
2403,134.494,,,,
2404,138.797,,,,
2405,142.563,,,,
2406,145.791,,,,
2407,147.949,,,,
2408,148.481,,,,
2409,148.481,,,,
2410,147.949,,,,
2411,147.399,,,,
2412,146.335,,,,
2413,145.785,,,,
2414,144.722,,,,
2415,144.171,,,,
2416,143.639,,,,
2417,143.639,,,,
2418,143.639,,,,
2419,143.108,,,,
2420,142.557,,,,
2421,142.025,,,,
2422,142.025,,,,
2423,142.025,,,,
2424,142.025,,,,
2425,142.025,,,,
2426,141.494,,,,
2427,140.943,,,,
2428,140.411,,,,
2429,140.411,,,,
2430,140.411,,,,
2431,139.880,,,,
2432,139.329,,,,
2433,138.797,,,,
2434,138.266,,,,
2435,137.715,,,,
2436,137.184,,,,
2437,137.184,,,,
2438,136.652,,,,
2439,136.101,,,,
2440,135.570,,,,
2441,135.038,,,,
2442,134.487,,,,
2443,133.424,,,,
2444,132.342,,,,
2445,130.728,,,,
2446,129.114,,,,
2447,128.032,,,,
2448,126.968,,,,
2449,125.886,,,,
2450,124.272,,,,
2451,122.658,,,,
2452,120.506,,,,
2453,117.816,,,,
2454,114.589,,,,
2455,111.361,,,,
2456,108.133,,,,
2457,106.519,,,,
2458,105.987,,,,
2459,107.595,,,,
2460,110.823,,,,
2461,116.203,,,,
2462,122.658,,,,
2463,128.576,,,,
2464,132.880,,,,
2465,136.108,,,,
2466,137.722,,,,
2467,139.329,,,,
2468,139.880,,,,
2469,140.411,,,,
2470,140.411,,,,
2471,140.943,,,,
2472,141.494,,,,
2473,141.494,,,,
2474,140.943,,,,
2475,140.411,,,,
2476,140.411,,,,
2477,139.880,,,,
2478,139.329,,,,
2479,138.797,,,,
2480,138.266,,,,
2481,137.715,,,,
2482,137.184,,,,
2483,137.184,,,,
2484,136.652,,,,
2485,136.101,,,,
2486,135.038,,,,
2487,134.487,,,,
2488,133.424,,,,
2489,132.342,,,,
2490,131.259,,,,
2491,129.652,,,,
2492,128.576,,,,
2493,126.424,,,,
2494,124.810,,,,
2495,122.658,,,,
2496,120.506,,,,
2497,118.354,,,,
2498,116.203,,,,
2499,113.513,,,,
2500,110.285,,,,
2501,107.057,,,,
2502,105.437,,,,
2503,105.437,,,,
2504,107.057,,,,
2505,110.823,,,,
2506,116.203,,,,
2507,122.658,,,,
2508,128.576,,,,
2509,133.418,,,,
2510,136.646,,,,
2511,139.335,,,,
2512,141.487,,,,
2513,143.108,,,,
2514,144.171,,,,
2515,145.253,,,,
2516,146.335,,,,
2517,146.867,,,,
2518,146.867,,,,
2519,146.335,,,,
2520,145.785,,,,
2521,144.722,,,,
2522,143.639,,,,
2523,142.557,,,,
2524,141.494,,,,
2525,140.411,,,,
2526,139.329,,,,
2527,138.266,,,,
2528,137.715,,,,
2529,137.184,,,,
2530,136.652,,,,
2531,136.101,,,,
2532,135.038,,,,
2533,134.487,,,,
2534,133.424,,,,
2535,132.873,,,,
2536,131.810,,,,
2537,130.728,,,,
2538,129.114,,,,
2539,128.032,,,,
2540,126.424,,,,
2541,124.810,,,,
2542,122.658,,,,
2543,121.044,,,,
2544,118.892,,,,
2545,116.741,,,,
2546,113.513,,,,
2547,110.285,,,,
2548,107.057,,,,
2549,104.905,,,,
2550,104.373,,,,
2551,105.981,,,,
2552,110.823,,,,
2553,117.816,,,,
2554,125.348,,,,
2555,131.804,,,,
2556,136.646,,,,
2557,139.873,,,,
2558,142.025,,,,
2559,143.639,,,,
2560,145.253,,,,
2561,146.335,,,,
2562,146.867,,,,
2563,146.867,,,,
2564,146.867,,,,
2565,146.867,,,,
2566,146.335,,,,
2567,145.253,,,,
2568,143.639,,,,
2569,142.557,,,,
2570,141.494,,,,
2571,140.943,,,,
2572,140.411,,,,
2573,139.880,,,,
2574,139.880,,,,
2575,139.329,,,,
2576,139.329,,,,
2577,138.266,,,,
2578,137.715,,,,
2579,137.184,,,,
2580,136.652,,,,
2581,136.101,,,,
2582,135.038,,,,
2583,134.487,,,,
2584,133.956,,,,
2585,132.880,,,,
2586,131.804,,,,
2587,130.196,,,,
2588,129.114,,,,
2589,127.500,,,,
2590,125.886,,,,
2591,124.272,,,,
2592,122.658,,,,
2593,120.506,,,,
2594,117.816,,,,
2595,114.589,,,,
2596,111.899,,,,
2597,108.671,,,,
2598,105.981,,,,
2599,103.823,,,,
2600,103.291,,,,
2601,104.905,,,,
2602,109.209,,,,
2603,116.203,,,,
2604,124.272,,,,
2605,131.266,,,,
2606,136.646,,,,
2607,139.873,,,,
2608,142.025,,,,
2609,143.108,,,,
2610,144.171,,,,
2611,145.253,,,,
2612,146.867,,,,
2613,147.399,,,,
2614,147.399,,,,
2615,146.867,,,,
2616,146.867,,,,
2617,147.399,,,,
2618,147.949,,,,
2619,147.949,,,,
2620,147.399,,,,
2621,146.867,,,,
2622,146.335,,,,
2623,145.253,,,,
2624,144.171,,,,
2625,143.108,,,,
2626,142.557,,,,
2627,141.494,,,,
2628,141.494,,,,
2629,140.943,,,,
2630,140.943,,,,
2631,140.411,,,,
2632,140.411,,,,
2633,139.880,,,,
2634,139.329,,,,
2635,138.797,,,,
2636,138.266,,,,
2637,137.715,,,,
2638,137.184,,,,
2639,137.184,,,,
2640,136.652,,,,
2641,136.101,,,,
2642,135.038,,,,
2643,134.487,,,,
2644,133.424,,,,
2645,132.873,,,,
2646,131.810,,,,
2647,130.728,,,,
2648,129.114,,,,
2649,128.032,,,,
2650,126.968,,,,
2651,125.886,,,,
2652,123.734,,,,
2653,121.582,,,,
2654,119.430,,,,
2655,117.816,,,,
2656,115.665,,,,
2657,112.437,,,,
2658,109.209,,,,
2659,106.519,,,,
2660,105.437,,,,
2661,105.981,,,,
2662,108.671,,,,
2663,113.513,,,,
2664,119.430,,,,
2665,125.348,,,,
2666,130.190,,,,
2667,133.418,,,,
2668,135.570,,,,
2669,137.184,,,,
2670,138.266,,,,
2671,139.329,,,,
2672,139.880,,,,
2673,140.943,,,,
2674,140.943,,,,
2675,140.943,,,,
2676,140.411,,,,
2677,140.411,,,,
2678,140.411,,,,
2679,140.411,,,,
2680,139.880,,,,
2681,139.329,,,,
2682,138.797,,,,
2683,138.797,,,,
2684,138.797,,,,
2685,138.797,,,,
2686,138.797,,,,
2687,138.266,,,,
2688,137.715,,,,
2689,136.652,,,,
2690,135.570,,,,
2691,134.487,,,,
2692,132.880,,,,
2693,130.728,,,,
2694,128.038,,,,
2695,125.348,,,,
2696,123.196,,,,
2697,120.506,,,,
2698,117.816,,,,
2699,114.589,,,,
2700,110.823,,,,
2701,107.057,,,,
2702,103.829,,,,
2703,102.209,,,,
2704,102.753,,,,
2705,105.981,,,,
2706,111.361,,,,
2707,118.354,,,,
2708,125.348,,,,
2709,131.266,,,,
2710,135.570,,,,
2711,138.259,,,,
2712,139.880,,,,
2713,140.943,,,,
2714,141.494,,,,
2715,142.557,,,,
2716,143.108,,,,
2717,143.639,,,,
2718,143.639,,,,
2719,143.639,,,,
2720,143.639,,,,
2721,143.639,,,,
2722,143.639,,,,
2723,143.639,,,,
2724,143.639,,,,
2725,143.639,,,,
2726,143.639,,,,
2727,143.639,,,,
2728,143.639,,,,
2729,143.639,,,,
2730,143.639,,,,
2731,143.639,,,,
2732,143.639,,,,
2733,143.108,,,,
2734,142.557,,,,
2735,142.025,,,,
2736,142.025,,,,
2737,142.025,,,,
2738,141.494,,,,
2739,140.411,,,,
2740,139.329,,,,
2741,138.797,,,,
2742,138.266,,,,
2743,137.184,,,,
2744,135.570,,,,
2745,133.956,,,,
2746,132.342,,,,
2747,130.728,,,,
2748,129.114,,,,
2749,127.500,,,,
2750,125.886,,,,
2751,124.272,,,,
2752,122.120,,,,
2753,119.968,,,,
2754,117.278,,,,
2755,114.589,,,,
2756,111.361,,,,
2757,108.671,,,,
2758,106.519,,,,
2759,105.437,,,,
2760,105.981,,,,
2761,108.671,,,,
2762,113.513,,,,
2763,119.430,,,,
2764,124.810,,,,
2765,129.114,,,,
2766,131.804,,,,
2767,133.956,,,,
2768,135.570,,,,
2769,136.652,,,,
2770,137.715,,,,
2771,138.266,,,,
2772,138.797,,,,
2773,139.329,,,,
2774,139.329,,,,
2775,139.329,,,,
2776,138.797,,,,
2777,138.797,,,,
2778,138.797,,,,
2779,138.266,,,,
2780,137.715,,,,
2781,137.184,,,,
2782,136.652,,,,
2783,136.101,,,,
2784,135.570,,,,
2785,135.038,,,,
2786,134.487,,,,
2787,133.956,,,,
2788,132.880,,,,
2789,131.804,,,,
2790,129.652,,,,
2791,128.038,,,,
2792,125.348,,,,
2793,122.658,,,,
2794,118.892,,,,
2795,114.589,,,,
2796,110.285,,,,
2797,107.057,,,,
2798,105.437,,,,
2799,105.981,,,,
2800,108.671,,,,
2801,113.513,,,,
2802,119.430,,,,
2803,124.810,,,,
2804,129.114,,,,
2805,132.342,,,,
2806,135.032,,,,
2807,137.184,,,,
2808,138.266,,,,
2809,138.797,,,,
2810,139.329,,,,
2811,139.880,,,,
2812,140.411,,,,
2813,140.411,,,,
2814,140.411,,,,
2815,139.880,,,,
2816,139.329,,,,
2817,138.797,,,,
2818,138.266,,,,
2819,137.715,,,,
2820,137.184,,,,
2821,136.652,,,,
2822,136.101,,,,
2823,135.570,,,,
2824,135.038,,,,
2825,134.487,,,,
2826,133.956,,,,
2827,133.424,,,,
2828,132.873,,,,
2829,131.810,,,,
2830,130.728,,,,
2831,129.646,,,,
2832,128.582,,,,
2833,127.500,,,,
2834,125.886,,,,
2835,123.734,,,,
2836,120.506,,,,
2837,116.741,,,,
2838,112.437,,,,
2839,108.671,,,,
2840,105.443,,,,
2841,103.823,,,,
2842,104.367,,,,
2843,108.133,,,,
2844,114.589,,,,
2845,122.658,,,,
2846,129.652,,,,
2847,134.494,,,,
2848,137.722,,,,
2849,139.335,,,,
2850,140.943,,,,
2851,140.943,,,,
2852,141.494,,,,
2853,141.494,,,,
2854,142.025,,,,
2855,142.025,,,,
2856,142.025,,,,
2857,142.025,,,,
2858,142.025,,,,
2859,142.025,,,,
2860,141.494,,,,
2861,140.943,,,,
2862,140.411,,,,
2863,140.411,,,,
2864,140.411,,,,
2865,140.411,,,,
2866,140.411,,,,
2867,139.880,,,,
2868,139.329,,,,
2869,138.797,,,,
2870,138.266,,,,
2871,137.715,,,,
2872,137.184,,,,
2873,137.184,,,,
2874,136.652,,,,
2875,136.101,,,,
2876,135.038,,,,
2877,134.487,,,,
2878,133.424,,,,
2879,132.873,,,,
2880,131.810,,,,
2881,130.728,,,,
2882,129.114,,,,
2883,128.032,,,,
2884,126.968,,,,
2885,125.886,,,,
2886,124.272,,,,
2887,122.120,,,,
2888,119.430,,,,
2889,116.741,,,,
2890,113.513,,,,
2891,110.823,,,,
2892,108.133,,,,
2893,106.519,,,,
2894,106.519,,,,
2895,108.671,,,,
2896,113.513,,,,
2897,119.430,,,,
2898,125.348,,,,
2899,130.190,,,,
2900,133.956,,,,
2901,136.646,,,,
2902,138.797,,,,
2903,139.329,,,,
2904,139.880,,,,
2905,139.880,,,,
2906,140.411,,,,
2907,140.411,,,,
2908,140.411,,,,
2909,139.880,,,,
2910,139.329,,,,
2911,138.266,,,,
2912,137.715,,,,
2913,137.184,,,,
2914,136.652,,,,
2915,136.101,,,,
2916,135.038,,,,
2917,134.487,,,,
2918,133.424,,,,
2919,132.342,,,,
2920,131.259,,,,
2921,130.196,,,,
2922,129.114,,,,
2923,128.032,,,,
2924,126.968,,,,
2925,125.348,,,,
2926,123.196,,,,
2927,120.506,,,,
2928,118.354,,,,
2929,115.665,,,,
2930,112.437,,,,
2931,109.209,,,,
2932,105.981,,,,
2933,104.905,,,,
2934,104.905,,,,
2935,107.595,,,,
2936,112.437,,,,
2937,119.430,,,,
2938,126.424,,,,
2939,131.804,,,,
2940,135.570,,,,
2941,138.259,,,,
2942,140.411,,,,
2943,142.025,,,,
2944,143.639,,,,
2945,144.722,,,,
2946,145.785,,,,
2947,146.335,,,,
2948,146.335,,,,
2949,145.785,,,,
2950,144.722,,,,
2951,143.639,,,,
2952,142.557,,,,
2953,141.494,,,,
2954,140.411,,,,
2955,139.329,,,,
2956,138.266,,,,
2957,137.715,,,,
2958,136.652,,,,
2959,136.101,,,,
2960,135.570,,,,
2961,135.038,,,,
2962,134.487,,,,
2963,133.424,,,,
2964,132.873,,,,
2965,131.810,,,,
2966,130.728,,,,
2967,129.114,,,,
2968,128.032,,,,
2969,126.968,,,,
2970,125.886,,,,
2971,123.734,,,,
2972,121.582,,,,
2973,119.430,,,,
2974,117.278,,,,
2975,114.589,,,,
2976,111.361,,,,
2977,108.133,,,,
2978,105.443,,,,
2979,103.823,,,,
2980,103.823,,,,
2981,105.981,,,,
2982,110.285,,,,
2983,116.741,,,,
2984,123.734,,,,
2985,129.652,,,,
2986,133.956,,,,
2987,136.646,,,,
2988,138.797,,,,
2989,140.411,,,,
2990,142.025,,,,
2991,143.108,,,,
2992,144.171,,,,
2993,144.722,,,,
2994,145.253,,,,
2995,145.253,,,,
2996,145.253,,,,
2997,145.253,,,,
2998,145.253,,,,
2999,144.722,,,,
3000,144.171,,,,
3001,143.639,,,,
3002,143.108,,,,
3003,142.025,,,,
3004,140.943,,,,
3005,139.880,,,,
3006,138.797,,,,
3007,137.715,,,,
3008,136.652,,,,
3009,135.570,,,,
3010,134.487,,,,
3011,133.424,,,,
3012,132.342,,,,
3013,131.259,,,,
3014,130.196,,,,
3015,129.114,,,,
3016,127.500,,,,
3017,125.886,,,,
3018,124.272,,,,
3019,122.120,,,,
3020,119.968,,,,
3021,117.278,,,,
3022,114.589,,,,
3023,111.361,,,,
3024,107.595,,,,
3025,104.367,,,,
3026,102.209,,,,
3027,102.753,,,,
3028,104.905,,,,
3029,109.747,,,,
3030,115.665,,,,
3031,122.120,,,,
3032,128.038,,,,
3033,132.342,,,,
3034,135.570,,,,
3035,137.184,,,,
3036,138.797,,,,
3037,139.880,,,,
3038,140.411,,,,
3039,140.943,,,,
3040,141.494,,,,
3041,142.025,,,,
3042,142.025,,,,
3043,142.025,,,,
3044,141.494,,,,
3045,140.943,,,,
3046,140.411,,,,
3047,140.411,,,,
3048,140.411,,,,
3049,140.411,,,,
3050,139.880,,,,
3051,139.329,,,,
3052,138.797,,,,
3053,138.266,,,,
3054,137.715,,,,
3055,137.184,,,,
3056,137.184,,,,
3057,137.184,,,,
3058,136.652,,,,
3059,136.101,,,,
3060,135.038,,,,
3061,134.487,,,,
3062,133.956,,,,
3063,133.956,,,,
3064,133.424,,,,
3065,132.342,,,,
3066,131.259,,,,
3067,129.652,,,,
3068,128.576,,,,
3069,126.968,,,,
3070,124.810,,,,
3071,121.582,,,,
3072,117.278,,,,
3073,112.975,,,,
3074,109.209,,,,
3075,106.519,,,,
3076,105.987,,,,
3077,107.595,,,,
3078,112.437,,,,
3079,118.354,,,,
3080,124.272,,,,
3081,128.576,,,,
3082,132.342,,,,
3083,135.032,,,,
3084,137.184,,,,
3085,138.266,,,,
3086,138.797,,,,
3087,139.329,,,,
3088,139.880,,,,
3089,140.411,,,,
3090,139.880,,,,
3091,139.329,,,,
3092,138.797,,,,
3093,138.266,,,,
3094,137.715,,,,
3095,137.184,,,,
3096,136.652,,,,
3097,136.101,,,,
3098,135.038,,,,
3099,134.487,,,,
3100,133.956,,,,
3101,133.424,,,,
3102,132.873,,,,
3103,131.810,,,,
3104,130.190,,,,
3105,128.576,,,,
3106,126.968,,,,
3107,126.418,,,,
3108,124.810,,,,
3109,123.196,,,,
3110,121.044,,,,
3111,118.899,,,,
3112,116.203,,,,
3113,112.975,,,,
3114,109.209,,,,
3115,106.519,,,,
3116,104.905,,,,
3117,105.981,,,,
3118,109.209,,,,
3119,115.127,,,,
3120,121.582,,,,
3121,128.038,,,,
3122,132.342,,,,
3123,136.108,,,,
3124,138.259,,,,
3125,139.880,,,,
3126,140.411,,,,
3127,140.943,,,,
3128,141.494,,,,
3129,142.025,,,,
3130,142.025,,,,
3131,142.025,,,,
3132,142.025,,,,
3133,142.025,,,,
3134,142.025,,,,
3135,141.494,,,,
3136,140.943,,,,
3137,140.411,,,,
3138,140.411,,,,
3139,140.411,,,,
3140,140.411,,,,
3141,139.880,,,,
3142,139.329,,,,
3143,138.797,,,,
3144,138.266,,,,
3145,137.715,,,,
3146,137.184,,,,
3147,137.184,,,,
3148,136.652,,,,
3149,135.570,,,,
3150,134.487,,,,
3151,133.424,,,,
3152,131.804,,,,
3153,129.652,,,,
3154,127.500,,,,
3155,125.886,,,,
3156,123.734,,,,
3157,121.582,,,,
3158,118.354,,,,
3159,115.127,,,,
3160,111.899,,,,
3161,109.747,,,,
3162,108.133,,,,
3163,107.601,,,,
3164,108.671,,,,
3165,112.437,,,,
3166,117.816,,,,
3167,123.734,,,,
3168,129.114,,,,
3169,132.880,,,,
3170,136.108,,,,
3171,138.259,,,,
3172,139.880,,,,
3173,140.943,,,,
3174,141.494,,,,
3175,142.557,,,,
3176,143.108,,,,
3177,143.639,,,,
3178,143.639,,,,
3179,143.639,,,,
3180,143.108,,,,
3181,142.557,,,,
3182,142.025,,,,
3183,141.494,,,,
3184,140.411,,,,
3185,138.797,,,,
3186,137.184,,,,
3187,135.570,,,,
3188,133.956,,,,
3189,131.804,,,,
3190,129.652,,,,
3191,127.500,,,,
3192,125.886,,,,
3193,124.272,,,,
3194,122.120,,,,
3195,119.430,,,,
3196,116.203,,,,
3197,112.975,,,,
3198,110.285,,,,
3199,107.595,,,,
3200,105.981,,,,
3201,105.981,,,,
3202,108.671,,,,
3203,113.513,,,,
3204,119.430,,,,
3205,125.348,,,,
3206,130.190,,,,
3207,133.956,,,,
3208,136.646,,,,
3209,138.797,,,,
3210,139.880,,,,
3211,140.411,,,,
3212,140.943,,,,
3213,141.494,,,,
3214,142.025,,,,
3215,142.025,,,,
3216,142.025,,,,
3217,142.025,,,,
3218,142.025,,,,
3219,142.025,,,,
3220,141.494,,,,
3221,140.943,,,,
3222,140.411,,,,
3223,140.411,,,,
3224,140.411,,,,
3225,140.411,,,,
3226,140.411,,,,
3227,140.411,,,,
3228,140.411,,,,
3229,139.880,,,,
3230,139.329,,,,
3231,138.266,,,,
3232,137.184,,,,
3233,135.032,,,,
3234,132.342,,,,
3235,129.114,,,,
3236,125.886,,,,
3237,122.658,,,,
3238,118.892,,,,
3239,115.665,,,,
3240,112.437,,,,
3241,109.209,,,,
3242,106.519,,,,
3243,104.905,,,,
3244,106.519,,,,
3245,110.285,,,,
3246,116.741,,,,
3247,123.196,,,,
3248,129.114,,,,
3249,133.418,,,,
3250,136.646,,,,
3251,138.797,,,,
3252,139.880,,,,
3253,140.411,,,,
3254,140.943,,,,
3255,141.494,,,,
3256,142.025,,,,
3257,142.025,,,,
3258,141.494,,,,
3259,140.943,,,,
3260,140.411,,,,
3261,140.411,,,,
3262,140.411,,,,
3263,139.880,,,,
3264,139.329,,,,
3265,138.266,,,,
3266,137.715,,,,
3267,137.184,,,,
3268,136.652,,,,
3269,136.101,,,,
3270,135.038,,,,
3271,134.487,,,,
3272,133.424,,,,
3273,132.342,,,,
3274,130.728,,,,
3275,129.114,,,,
3276,128.032,,,,
3277,126.424,,,,
3278,124.810,,,,
3279,122.658,,,,
3280,121.044,,,,
3281,118.354,,,,
3282,115.665,,,,
3283,112.437,,,,
3284,109.209,,,,
3285,105.981,,,,
3286,104.373,,,,
3287,104.905,,,,
3288,108.133,,,,
3289,113.513,,,,
3290,121.044,,,,
3291,129.114,,,,
3292,135.570,,,,
3293,140.411,,,,
3294,143.101,,,,
3295,145.253,,,,
3296,146.867,,,,
3297,147.949,,,,
3298,149.013,,,,
3299,149.013,,,,
3300,149.013,,,,
3301,148.481,,,,
3302,148.481,,,,
3303,147.949,,,,
3304,146.867,,,,
3305,145.253,,,,
3306,144.171,,,,
3307,143.639,,,,
3308,143.108,,,,
3309,142.557,,,,
3310,142.025,,,,
3311,142.025,,,,
3312,142.025,,,,
3313,142.025,,,,
3314,141.494,,,,
3315,140.943,,,,
3316,140.411,,,,
3317,140.411,,,,
3318,140.411,,,,
3319,140.411,,,,
3320,139.880,,,,
3321,139.329,,,,
3322,138.797,,,,
3323,138.797,,,,
3324,138.266,,,,
3325,137.715,,,,
3326,137.184,,,,
3327,136.652,,,,
3328,136.101,,,,
3329,135.038,,,,
3330,133.956,,,,
3331,131.804,,,,
3332,129.652,,,,
3333,127.500,,,,
3334,125.886,,,,
3335,123.734,,,,
3336,121.582,,,,
3337,119.430,,,,
3338,116.741,,,,
3339,113.513,,,,
3340,110.285,,,,
3341,108.133,,,,
3342,107.051,,,,
3343,107.595,,,,
3344,110.823,,,,
3345,116.741,,,,
3346,123.734,,,,
3347,130.190,,,,
3348,135.032,,,,
3349,138.259,,,,
3350,140.411,,,,
3351,141.494,,,,
3352,142.025,,,,
3353,142.025,,,,
3354,142.025,,,,
3355,141.494,,,,
3356,140.943,,,,
3357,139.880,,,,
3358,139.329,,,,
3359,138.266,,,,
3360,137.715,,,,
3361,136.652,,,,
3362,136.101,,,,
3363,135.570,,,,
3364,135.038,,,,
3365,134.487,,,,
3366,133.424,,,,
3367,132.342,,,,
3368,130.728,,,,
3369,129.646,,,,
3370,128.582,,,,
3371,127.500,,,,
3372,125.886,,,,
3373,124.272,,,,
3374,122.658,,,,
3375,120.506,,,,
3376,118.354,,,,
3377,115.665,,,,
3378,112.975,,,,
3379,109.209,,,,
3380,105.981,,,,
3381,103.823,,,,
3382,103.291,,,,
3383,105.443,,,,
3384,110.285,,,,
3385,117.278,,,,
3386,124.810,,,,
3387,131.266,,,,
3388,136.108,,,,
3389,138.797,,,,
3390,140.411,,,,
3391,141.494,,,,
3392,142.025,,,,
3393,142.557,,,,
3394,143.108,,,,
3395,143.639,,,,
3396,143.639,,,,
3397,143.639,,,,
3398,143.639,,,,
3399,143.639,,,,
3400,143.639,,,,
3401,143.639,,,,
3402,143.639,,,,
3403,143.639,,,,
3404,143.639,,,,
3405,143.108,,,,
3406,143.108,,,,
3407,143.108,,,,
3408,143.108,,,,
3409,143.108,,,,
3410,143.108,,,,
3411,143.108,,,,
3412,142.557,,,,
3413,142.025,,,,
3414,142.025,,,,
3415,142.025,,,,
3416,141.494,,,,
3417,140.943,,,,
3418,139.880,,,,
3419,138.797,,,,
3420,137.184,,,,
3421,135.570,,,,
3422,133.418,,,,
3423,130.728,,,,
3424,128.038,,,,
3425,125.348,,,,
3426,122.658,,,,
3427,119.430,,,,
3428,115.665,,,,
3429,112.437,,,,
3430,109.209,,,,
3431,107.057,,,,
3432,105.437,,,,
3433,105.437,,,,
3434,107.595,,,,
3435,111.899,,,,
3436,117.816,,,,
3437,123.734,,,,
3438,129.114,,,,
3439,133.418,,,,
3440,136.108,,,,
3441,137.715,,,,
3442,138.266,,,,
3443,138.797,,,,
3444,138.797,,,,
3445,138.797,,,,
3446,138.797,,,,
3447,138.797,,,,
3448,138.266,,,,
3449,137.715,,,,
3450,137.184,,,,
3451,137.184,,,,
3452,136.652,,,,
3453,136.101,,,,
3454,135.038,,,,
3455,134.487,,,,
3456,133.424,,,,
3457,132.873,,,,
3458,131.810,,,,
3459,130.728,,,,
3460,129.114,,,,
3461,127.500,,,,
3462,125.886,,,,
3463,124.272,,,,
3464,122.120,,,,
3465,119.430,,,,
3466,116.203,,,,
3467,112.975,,,,
3468,109.747,,,,
3469,107.057,,,,
3470,104.905,,,,
3471,104.905,,,,
3472,107.057,,,,
3473,112.437,,,,
3474,118.892,,,,
3475,125.886,,,,
3476,131.804,,,,
3477,136.108,,,,
3478,139.335,,,,
3479,141.487,,,,
3480,143.108,,,,
3481,144.171,,,,
3482,144.171,,,,
3483,144.171,,,,
3484,143.639,,,,
3485,143.108,,,,
3486,142.025,,,,
3487,140.943,,,,
3488,139.880,,,,
3489,139.329,,,,
3490,138.797,,,,
3491,138.797,,,,
3492,138.266,,,,
3493,137.715,,,,
3494,137.184,,,,
3495,137.184,,,,
3496,136.652,,,,
3497,136.101,,,,
3498,135.038,,,,
3499,134.487,,,,
3500,133.956,,,,
3501,133.424,,,,
3502,132.342,,,,
3503,131.259,,,,
3504,129.652,,,,
3505,128.576,,,,
3506,126.968,,,,
3507,125.886,,,,
3508,123.734,,,,
3509,121.582,,,,
3510,118.892,,,,
3511,115.665,,,,
3512,112.437,,,,
3513,109.209,,,,
3514,107.057,,,,
3515,105.437,,,,
3516,105.981,,,,
3517,109.209,,,,
3518,115.127,,,,
3519,121.582,,,,
3520,127.500,,,,
3521,131.804,,,,
3522,135.032,,,,
3523,137.184,,,,
3524,138.797,,,,
3525,140.411,,,,
3526,141.494,,,,
3527,142.557,,,,
3528,143.108,,,,
3529,143.639,,,,
3530,143.108,,,,
3531,142.557,,,,
3532,141.494,,,,
3533,140.411,,,,
3534,138.797,,,,
3535,137.184,,,,
3536,135.570,,,,
3537,133.956,,,,
3538,132.342,,,,
3539,130.728,,,,
3540,129.114,,,,
3541,127.500,,,,
3542,125.886,,,,
3543,124.272,,,,
3544,122.658,,,,
3545,120.506,,,,
3546,117.816,,,,
3547,114.589,,,,
3548,111.899,,,,
3549,108.671,,,,
3550,105.981,,,,
3551,103.823,,,,
3552,103.823,,,,
3553,106.519,,,,
3554,111.899,,,,
3555,119.430,,,,
3556,126.962,,,,
3557,132.880,,,,
3558,137.184,,,,
3559,139.335,,,,
3560,140.411,,,,
3561,140.943,,,,
3562,141.494,,,,
3563,141.494,,,,
3564,140.943,,,,
3565,140.411,,,,
3566,140.411,,,,
3567,140.411,,,,
3568,139.880,,,,
3569,139.329,,,,
3570,138.797,,,,
3571,138.797,,,,
3572,138.266,,,,
3573,137.715,,,,
3574,137.184,,,,
3575,136.652,,,,
3576,136.101,,,,
3577,135.570,,,,
3578,135.038,,,,
3579,133.956,,,,
3580,132.342,,,,
3581,130.728,,,,
3582,129.114,,,,
3583,128.032,,,,
3584,126.968,,,,
3585,125.348,,,,
3586,123.734,,,,
3587,121.582,,,,
3588,119.968,,,,
3589,117.278,,,,
3590,114.051,,,,
3591,110.285,,,,
3592,106.519,,,,
3593,104.905,,,,
3594,104.905,,,,
3595,107.057,,,,
3596,111.361,,,,
3597,117.816,,,,
3598,125.886,,,,
3599,132.342,,,,
3600,136.646,,,,
3601,138.797,,,,
3602,139.880,,,,
3603,140.411,,,,
3604,140.943,,,,
3605,141.494,,,,
3606,142.025,,,,
3607,142.025,,,,
3608,142.025,,,,
3609,142.025,,,,
3610,142.025,,,,
3611,142.025,,,,
3612,141.494,,,,
3613,140.943,,,,
3614,140.411,,,,
3615,140.411,,,,
3616,139.880,,,,
3617,139.329,,,,
3618,138.797,,,,
3619,138.797,,,,
3620,138.266,,,,
3621,137.715,,,,
3622,137.184,,,,
3623,136.652,,,,
3624,136.101,,,,
3625,135.570,,,,
3626,135.038,,,,
3627,134.487,,,,
3628,133.424,,,,
3629,131.804,,,,
3630,130.190,,,,
3631,128.582,,,,
3632,127.500,,,,
3633,125.886,,,,
3634,123.734,,,,
3635,121.582,,,,
3636,118.892,,,,
3637,116.741,,,,
3638,113.513,,,,
3639,110.285,,,,
3640,107.595,,,,
3641,106.519,,,,
3642,107.595,,,,
3643,110.823,,,,
3644,116.741,,,,
3645,123.734,,,,
3646,130.190,,,,
3647,135.032,,,,
3648,138.259,,,,
3649,140.411,,,,
3650,141.494,,,,
3651,142.025,,,,
3652,142.025,,,,
3653,142.025,,,,
3654,141.494,,,,
3655,140.943,,,,
3656,139.880,,,,
3657,139.329,,,,
3658,138.266,,,,
3659,137.715,,,,
3660,137.184,,,,
3661,136.652,,,,
3662,136.101,,,,
3663,135.038,,,,
3664,133.956,,,,
3665,132.342,,,,
3666,131.259,,,,
3667,130.196,,,,
3668,129.114,,,,
3669,127.500,,,,
3670,125.886,,,,
3671,124.272,,,,
3672,122.120,,,,
3673,119.430,,,,
3674,115.665,,,,
3675,112.437,,,,
3676,108.671,,,,
3677,106.519,,,,
3678,104.905,,,,
3679,105.981,,,,
3680,109.209,,,,
3681,114.589,,,,
3682,121.582,,,,
3683,128.576,,,,
3684,134.494,,,,
3685,138.259,,,,
3686,140.411,,,,
3687,141.494,,,,
3688,142.025,,,,
3689,142.557,,,,
3690,143.108,,,,
3691,143.639,,,,
3692,143.639,,,,
3693,143.108,,,,
3694,142.557,,,,
3695,142.025,,,,
3696,142.025,,,,
3697,142.025,,,,
3698,142.025,,,,
3699,142.025,,,,
3700,142.025,,,,
3701,141.494,,,,
3702,140.943,,,,
3703,140.411,,,,
3704,139.335,,,,
3705,138.259,,,,
3706,136.108,,,,
3707,134.494,,,,
3708,131.804,,,,
3709,129.114,,,,
3710,126.424,,,,
3711,123.734,,,,
3712,121.582,,,,
3713,118.892,,,,
3714,116.203,,,,
3715,112.975,,,,
3716,109.747,,,,
3717,106.519,,,,
3718,103.829,,,,
3719,103.291,,,,
3720,104.905,,,,
3721,109.747,,,,
3722,116.203,,,,
3723,124.272,,,,
3724,131.266,,,,
3725,136.646,,,,
3726,139.873,,,,
3727,142.025,,,,
3728,143.108,,,,
3729,143.639,,,,
3730,143.639,,,,
3731,143.639,,,,
3732,143.639,,,,
3733,143.639,,,,
3734,143.639,,,,
3735,143.639,,,,
3736,143.639,,,,
3737,143.639,,,,
3738,143.639,,,,
3739,143.639,,,,
3740,143.639,,,,
3741,143.639,,,,
3742,143.108,,,,
3743,143.108,,,,
3744,142.557,,,,
3745,142.557,,,,
3746,142.025,,,,
3747,142.025,,,,
3748,142.025,,,,
3749,142.025,,,,
3750,142.025,,,,
3751,142.025,,,,
3752,142.025,,,,
3753,142.025,,,,
3754,141.494,,,,
3755,140.943,,,,
3756,140.411,,,,
3757,139.880,,,,
3758,138.797,,,,
3759,137.184,,,,
3760,135.032,,,,
3761,132.342,,,,
3762,129.114,,,,
3763,125.886,,,,
3764,123.196,,,,
3765,119.968,,,,
3766,117.278,,,,
3767,113.513,,,,
3768,110.285,,,,
3769,107.057,,,,
3770,105.437,,,,
3771,105.437,,,,
3772,107.057,,,,
3773,111.361,,,,
3774,117.278,,,,
3775,124.272,,,,
3776,130.190,,,,
3777,134.494,,,,
3778,137.184,,,,
3779,138.797,,,,
3780,139.880,,,,
3781,140.411,,,,
3782,140.411,,,,
3783,140.411,,,,
3784,140.943,,,,
3785,141.494,,,,
3786,141.494,,,,
3787,141.494,,,,
3788,140.943,,,,
3789,140.943,,,,
3790,140.411,,,,
3791,139.880,,,,
3792,139.329,,,,
3793,138.266,,,,
3794,137.715,,,,
3795,136.652,,,,
3796,135.570,,,,
3797,133.956,,,,
3798,132.342,,,,
3799,130.728,,,,
3800,129.114,,,,
3801,127.500,,,,
3802,125.348,,,,
3803,122.120,,,,
3804,118.354,,,,
3805,114.051,,,,
3806,110.823,,,,
3807,108.665,,,,
3808,107.601,,,,
3809,109.209,,,,
3810,113.513,,,,
3811,120.506,,,,
3812,128.038,,,,
3813,133.956,,,,
3814,138.259,,,,
3815,139.880,,,,
3816,140.411,,,,
3817,140.411,,,,
3818,140.411,,,,
3819,140.943,,,,
3820,140.943,,,,
3821,140.411,,,,
3822,139.329,,,,
3823,138.797,,,,
3824,138.797,,,,
3825,138.266,,,,
3826,137.715,,,,
3827,137.184,,,,
3828,136.652,,,,
3829,136.101,,,,
3830,135.038,,,,
3831,133.956,,,,
3832,132.342,,,,
3833,130.190,,,,
3834,128.576,,,,
3835,126.424,,,,
3836,124.810,,,,
3837,122.658,,,,
3838,120.506,,,,
3839,117.816,,,,
3840,114.589,,,,
3841,111.361,,,,
3842,108.133,,,,
3843,105.981,,,,
3844,105.437,,,,
3845,107.595,,,,
3846,112.437,,,,
3847,119.430,,,,
3848,126.962,,,,
3849,133.418,,,,
3850,137.722,,,,
3851,140.411,,,,
3852,142.025,,,,
3853,143.108,,,,
3854,143.639,,,,
3855,144.171,,,,
3856,144.722,,,,
3857,145.253,,,,
3858,145.253,,,,
3859,145.253,,,,
3860,145.785,,,,
3861,145.785,,,,
3862,145.785,,,,
3863,145.253,,,,
3864,144.722,,,,
3865,144.171,,,,
3866,143.108,,,,
3867,142.025,,,,
3868,140.411,,,,
3869,138.797,,,,
3870,137.184,,,,
3871,135.032,,,,
3872,132.880,,,,
3873,130.190,,,,
3874,128.038,,,,
3875,125.348,,,,
3876,122.658,,,,
3877,119.430,,,,
3878,116.203,,,,
3879,112.975,,,,
3880,109.747,,,,
3881,107.057,,,,
3882,105.987,,,,
3883,107.595,,,,
3884,111.899,,,,
3885,118.354,,,,
3886,125.886,,,,
3887,132.342,,,,
3888,137.184,,,,
3889,139.873,,,,
3890,141.494,,,,
3891,142.025,,,,
3892,142.025,,,,
3893,142.025,,,,
3894,142.025,,,,
3895,142.025,,,,
3896,142.025,,,,
3897,141.494,,,,
3898,140.943,,,,
3899,140.411,,,,
3900,139.880,,,,
3901,139.329,,,,
3902,138.266,,,,
3903,137.715,,,,
3904,136.652,,,,
3905,136.101,,,,
3906,135.038,,,,
3907,134.487,,,,
3908,132.880,,,,
3909,131.266,,,,
3910,129.114,,,,
3911,126.962,,,,
3912,124.272,,,,
3913,120.506,,,,
3914,116.203,,,,
3915,111.899,,,,
3916,108.671,,,,
3917,107.051,,,,
3918,107.595,,,,
3919,111.361,,,,
3920,117.816,,,,
3921,125.886,,,,
3922,132.342,,,,
3923,137.184,,,,
3924,139.873,,,,
3925,141.494,,,,
3926,142.025,,,,
3927,142.025,,,,
3928,142.025,,,,
3929,142.025,,,,
3930,142.025,,,,
3931,142.025,,,,
3932,142.025,,,,
3933,142.025,,,,
3934,141.494,,,,
3935,140.943,,,,
3936,139.880,,,,
3937,139.329,,,,
3938,138.266,,,,
3939,137.715,,,,
3940,136.652,,,,
3941,136.101,,,,
3942,135.038,,,,
3943,133.956,,,,
3944,132.342,,,,
3945,130.728,,,,
3946,129.114,,,,
3947,127.500,,,,
3948,125.348,,,,
3949,123.196,,,,
3950,120.506,,,,
3951,117.816,,,,
3952,114.589,,,,
3953,111.361,,,,
3954,108.671,,,,
3955,106.519,,,,
3956,107.057,,,,
3957,109.747,,,,
3958,115.665,,,,
3959,122.658,,,,
3960,130.190,,,,
3961,136.108,,,,
3962,139.873,,,,
3963,142.025,,,,
3964,143.639,,,,
3965,144.722,,,,
3966,145.253,,,,
3967,145.785,,,,
3968,146.335,,,,
3969,146.867,,,,
3970,146.867,,,,
3971,146.867,,,,
3972,146.335,,,,
3973,145.785,,,,
3974,144.722,,,,
3975,143.639,,,,
3976,142.025,,,,
3977,140.411,,,,
3978,138.797,,,,
3979,137.184,,,,
3980,135.570,,,,
3981,133.956,,,,
3982,132.873,,,,
3983,131.810,,,,
3984,130.190,,,,
3985,128.576,,,,
3986,126.424,,,,
3987,124.810,,,,
3988,122.120,,,,
3989,119.430,,,,
3990,116.203,,,,
3991,113.513,,,,
3992,110.285,,,,
3993,107.595,,,,
3994,105.437,,,,
3995,105.981,,,,
3996,109.209,,,,
3997,115.127,,,,
3998,122.658,,,,
3999,130.190,,,,
4000,136.108,,,,
4001,139.873,,,,
4002,142.025,,,,
4003,143.108,,,,
4004,143.639,,,,
4005,143.639,,,,
4006,144.171,,,,
4007,144.171,,,,
4008,144.171,,,,
4009,143.639,,,,
4010,143.639,,,,
4011,143.639,,,,
4012,143.639,,,,
4013,143.639,,,,
4014,143.108,,,,
4015,142.557,,,,
4016,142.025,,,,
4017,142.025,,,,
4018,142.025,,,,
4019,142.025,,,,
4020,141.494,,,,
4021,140.411,,,,
4022,138.797,,,,
4023,137.184,,,,
4024,135.570,,,,
4025,133.418,,,,
4026,131.266,,,,
4027,128.576,,,,
4028,125.886,,,,
4029,123.196,,,,
4030,120.506,,,,
4031,117.278,,,,
4032,113.513,,,,
4033,109.747,,,,
4034,107.057,,,,
4035,105.987,,,,
4036,107.057,,,,
4037,110.823,,,,
4038,116.203,,,,
4039,123.734,,,,
4040,131.266,,,,
4041,137.722,,,,
4042,141.487,,,,
4043,143.639,,,,
4044,144.171,,,,
4045,143.639,,,,
4046,142.557,,,,
4047,142.025,,,,
4048,142.025,,,,
4049,142.025,,,,
4050,141.494,,,,
4051,140.943,,,,
4052,140.411,,,,
4053,140.411,,,,
4054,140.411,,,,
4055,139.880,,,,
4056,139.329,,,,
4057,138.797,,,,
4058,138.797,,,,
4059,138.266,,,,
4060,137.715,,,,
4061,137.184,,,,
4062,136.652,,,,
4063,136.101,,,,
4064,135.038,,,,
4065,134.487,,,,
4066,133.424,,,,
4067,132.342,,,,
4068,130.728,,,,
4069,129.114,,,,
4070,127.500,,,,
4071,125.886,,,,
4072,123.734,,,,
4073,120.506,,,,
4074,117.278,,,,
4075,113.513,,,,
4076,110.285,,,,
4077,107.057,,,,
4078,105.437,,,,
4079,106.519,,,,
4080,110.285,,,,
4081,116.203,,,,
4082,124.272,,,,
4083,131.804,,,,
4084,138.259,,,,
4085,141.487,,,,
4086,143.108,,,,
4087,143.639,,,,
4088,143.639,,,,
4089,143.639,,,,
4090,143.639,,,,
4091,143.639,,,,
4092,143.639,,,,
4093,143.639,,,,
4094,143.639,,,,
4095,143.639,,,,
4096,143.639,,,,
4097,143.639,,,,
4098,143.639,,,,
4099,143.639,,,,
4100,143.639,,,,
4101,143.108,,,,
4102,142.557,,,,
4103,142.025,,,,
4104,142.025,,,,
4105,142.025,,,,
4106,142.025,,,,
4107,142.025,,,,
4108,142.025,,,,
4109,142.025,,,,
4110,141.494,,,,
4111,140.943,,,,
4112,140.411,,,,
4113,140.411,,,,
4114,140.411,,,,
4115,140.411,,,,
4116,140.411,,,,
4117,140.411,,,,
4118,140.411,,,,
4119,140.411,,,,
4120,139.880,,,,
4121,139.329,,,,
4122,138.797,,,,
4123,138.266,,,,
4124,137.184,,,,
4125,136.101,,,,
4126,135.570,,,,
4127,135.038,,,,
4128,133.956,,,,
4129,131.804,,,,
4130,129.652,,,,
4131,127.500,,,,
4132,124.810,,,,
4133,121.582,,,,
4134,116.741,,,,
4135,112.437,,,,
4136,108.671,,,,
4137,106.519,,,,
4138,105.437,,,,
4139,106.519,,,,
4140,110.285,,,,
4141,116.203,,,,
4142,122.658,,,,
4143,129.114,,,,
4144,133.956,,,,
4145,137.184,,,,
4146,138.797,,,,
4147,139.880,,,,
4148,140.943,,,,
4149,141.494,,,,
4150,142.025,,,,
4151,142.025,,,,
4152,142.025,,,,
4153,142.557,,,,
4154,142.557,,,,
4155,142.557,,,,
4156,142.025,,,,
4157,142.025,,,,
4158,141.494,,,,
4159,140.943,,,,
4160,139.880,,,,
4161,139.329,,,,
4162,138.797,,,,
4163,138.266,,,,
4164,137.715,,,,
4165,137.184,,,,
4166,136.652,,,,
4167,136.101,,,,
4168,135.038,,,,
4169,134.487,,,,
4170,133.424,,,,
4171,132.342,,,,
4172,130.728,,,,
4173,129.114,,,,
4174,127.500,,,,
4175,125.886,,,,
4176,123.734,,,,
4177,121.582,,,,
4178,119.962,,,,
4179,117.816,,,,
4180,115.127,,,,
4181,111.361,,,,
4182,108.133,,,,
4183,105.981,,,,
4184,104.905,,,,
4185,106.519,,,,
4186,109.747,,,,
4187,115.665,,,,
4188,122.658,,,,
4189,130.190,,,,
4190,136.108,,,,
4191,139.873,,,,
4192,142.563,,,,
4193,144.715,,,,
4194,146.867,,,,
4195,147.949,,,,
4196,148.481,,,,
4197,148.481,,,,
4198,148.481,,,,
4199,148.481,,,,
4200,147.949,,,,
4201,147.399,,,,
4202,146.335,,,,
4203,145.253,,,,
4204,144.171,,,,
4205,143.108,,,,
4206,142.025,,,,
4207,140.943,,,,
4208,140.411,,,,
4209,140.411,,,,
4210,139.880,,,,
4211,139.329,,,,
4212,138.797,,,,
4213,138.797,,,,
4214,138.797,,,,
4215,138.266,,,,
4216,137.715,,,,
4217,137.184,,,,
4218,136.652,,,,
4219,136.101,,,,
4220,135.038,,,,
4221,134.487,,,,
4222,133.424,,,,
4223,132.342,,,,
4224,131.259,,,,
4225,129.652,,,,
4226,128.038,,,,
4227,125.886,,,,
4228,123.734,,,,
4229,121.582,,,,
4230,118.892,,,,
4231,115.665,,,,
4232,112.975,,,,
4233,109.747,,,,
4234,108.133,,,,
4235,106.519,,,,
4236,107.595,,,,
4237,110.823,,,,
4238,116.203,,,,
4239,123.196,,,,
4240,130.190,,,,
4241,136.108,,,,
4242,139.873,,,,
4243,142.025,,,,
4244,143.639,,,,
4245,144.722,,,,
4246,145.785,,,,
4247,146.335,,,,
4248,146.335,,,,
4249,145.785,,,,
4250,144.722,,,,
4251,143.639,,,,
4252,142.025,,,,
4253,140.943,,,,
4254,139.880,,,,
4255,139.329,,,,
4256,138.797,,,,
4257,138.797,,,,
4258,138.266,,,,
4259,137.715,,,,
4260,137.184,,,,
4261,137.184,,,,
4262,136.652,,,,
4263,136.101,,,,
4264,135.570,,,,
4265,135.038,,,,
4266,133.956,,,,
4267,132.342,,,,
4268,130.190,,,,
4269,128.038,,,,
4270,125.886,,,,
4271,123.734,,,,
4272,121.582,,,,
4273,118.892,,,,
4274,116.203,,,,
4275,113.513,,,,
4276,110.823,,,,
4277,108.133,,,,
4278,105.981,,,,
4279,104.905,,,,
4280,105.981,,,,
4281,109.209,,,,
4282,114.589,,,,
4283,121.582,,,,
4284,128.576,,,,
4285,133.956,,,,
4286,137.184,,,,
4287,138.797,,,,
4288,140.411,,,,
4289,142.025,,,,
4290,143.639,,,,
4291,145.253,,,,
4292,146.335,,,,
4293,147.399,,,,
4294,147.949,,,,
4295,148.481,,,,
4296,148.481,,,,
4297,149.013,,,,
4298,149.563,,,,
4299,149.563,,,,
4300,149.013,,,,
4301,148.481,,,,
4302,148.481,,,,
4303,147.949,,,,
4304,147.399,,,,
4305,146.335,,,,
4306,145.253,,,,
4307,143.639,,,,
4308,142.557,,,,
4309,141.494,,,,
4310,140.411,,,,
4311,138.797,,,,
4312,137.715,,,,
4313,137.184,,,,
4314,136.652,,,,
4315,136.101,,,,
4316,135.570,,,,
4317,135.038,,,,
4318,134.487,,,,
4319,133.424,,,,
4320,132.342,,,,
4321,130.728,,,,
4322,129.114,,,,
4323,128.032,,,,
4324,126.968,,,,
4325,125.348,,,,
4326,123.196,,,,
4327,120.506,,,,
4328,118.354,,,,
4329,115.665,,,,
4330,112.975,,,,
4331,109.747,,,,
4332,107.057,,,,
4333,105.987,,,,
4334,106.519,,,,
4335,109.209,,,,
4336,113.513,,,,
4337,119.430,,,,
4338,125.886,,,,
4339,131.266,,,,
4340,135.032,,,,
4341,137.184,,,,
4342,138.797,,,,
4343,140.411,,,,
4344,141.494,,,,
4345,142.025,,,,
4346,142.025,,,,
4347,142.557,,,,
4348,143.108,,,,
4349,143.639,,,,
4350,143.639,,,,
4351,143.639,,,,
4352,143.639,,,,
4353,143.639,,,,
4354,143.639,,,,
4355,143.639,,,,
4356,143.639,,,,
4357,143.639,,,,
4358,143.639,,,,
4359,143.639,,,,
4360,143.639,,,,
4361,143.639,,,,
4362,143.639,,,,
4363,143.639,,,,
4364,143.639,,,,
4365,143.108,,,,
4366,142.025,,,,
4367,140.411,,,,
4368,138.797,,,,
4369,137.184,,,,
4370,135.032,,,,
4371,132.342,,,,
4372,129.114,,,,
4373,125.886,,,,
4374,123.196,,,,
4375,120.506,,,,
4376,117.816,,,,
4377,114.589,,,,
4378,111.899,,,,
4379,109.747,,,,
4380,108.133,,,,
4381,107.051,,,,
4382,107.595,,,,
4383,110.285,,,,
4384,115.127,,,,
4385,121.044,,,,
4386,126.962,,,,
4387,131.266,,,,
4388,133.956,,,,
4389,135.570,,,,
4390,137.184,,,,
4391,138.266,,,,
4392,138.797,,,,
4393,139.329,,,,
4394,139.880,,,,
4395,140.943,,,,
4396,141.494,,,,
4397,142.025,,,,
4398,142.025,,,,
4399,142.025,,,,
4400,141.494,,,,
4401,140.943,,,,
4402,139.880,,,,
4403,139.329,,,,
4404,138.797,,,,
4405,138.797,,,,
4406,138.266,,,,
4407,137.715,,,,
4408,137.184,,,,
4409,137.184,,,,
4410,136.652,,,,
4411,136.101,,,,
4412,135.038,,,,
4413,134.487,,,,
4414,133.424,,,,
4415,132.342,,,,
4416,130.190,,,,
4417,128.038,,,,
4418,125.348,,,,
4419,122.658,,,,
4420,119.430,,,,
4421,116.203,,,,
4422,112.975,,,,
4423,110.285,,,,
4424,108.665,,,,
4425,108.665,,,,
4426,110.823,,,,
4427,115.665,,,,
4428,122.120,,,,
4429,128.576,,,,
4430,132.880,,,,
4431,135.570,,,,
4432,137.184,,,,
4433,138.266,,,,
4434,139.329,,,,
4435,140.411,,,,
4436,141.494,,,,
4437,142.025,,,,
4438,142.557,,,,
4439,142.557,,,,
4440,142.557,,,,
4441,142.025,,,,
4442,142.025,,,,
4443,142.025,,,,
4444,142.025,,,,
4445,142.025,,,,
4446,141.494,,,,
4447,140.943,,,,
4448,140.411,,,,
4449,140.411,,,,
4450,140.411,,,,
4451,140.411,,,,
4452,139.880,,,,
4453,139.880,,,,
4454,139.329,,,,
4455,139.329,,,,
4456,138.797,,,,
4457,138.797,,,,
4458,138.797,,,,
4459,138.797,,,,
4460,138.266,,,,
4461,137.715,,,,
4462,136.652,,,,
4463,135.570,,,,
4464,133.418,,,,
4465,130.728,,,,
4466,127.500,,,,
4467,124.272,,,,
4468,120.506,,,,
4469,116.741,,,,
4470,113.513,,,,
4471,110.823,,,,
4472,109.747,,,,
4473,110.285,,,,
4474,113.513,,,,
4475,117.816,,,,
4476,123.196,,,,
4477,128.038,,,,
4478,131.804,,,,
4479,133.956,,,,
4480,135.570,,,,
4481,136.652,,,,
4482,137.184,,,,
4483,137.184,,,,
4484,137.715,,,,
4485,138.266,,,,
4486,138.797,,,,
4487,139.329,,,,
4488,139.880,,,,
4489,139.880,,,,
4490,139.880,,,,
4491,139.880,,,,
4492,139.880,,,,
4493,139.329,,,,
4494,138.797,,,,
4495,138.266,,,,
4496,137.715,,,,
4497,136.652,,,,
4498,136.101,,,,
4499,135.038,,,,
4500,133.956,,,,
4501,131.804,,,,
4502,87.152,,,,
4503,43.038,,,,
